listing_id,concrete_tech_density,buzzword_density,concrete_to_vague_verb_ratio,bullet_point_density,jd_vagueness_index
GD1010149555052,0.4969,0.2484,0.2727,0.0,0.6971
GD1010175752985,1.0582,0.0,0.6,0.0,0.5453
GD1010142649639,1.4892,0.0745,0.5,0.0,0.5433
GD1010027266260,1.3652,0.5119,0.8,0.0,0.5661
GD1010171024330,2.8205,0.2564,0.76,0.0,0.4151
GD1010141818508,1.9549,0.0,0.7143,0.0,0.4508
GD1010101092867,0.7788,0.0,0.8182,0.0,0.5241
GD1010179479020,1.4706,0.0,0.6923,0.0,0.4939
GD1008635776688,0.7843,0.0,0.5,0.0,0.5873
GD1010186444529,1.8215,0.0,0.3333,0.0,0.5376
GD1010168613486,1.9386,0.0,0.4444,0.0,0.506
GD1010159290158,0.3175,0.0,0.4286,0.0,0.6389
GD1010144994271,1.357,0.0,0.2222,0.0,0.597
GD1010160887414,1.3129,0.1094,0.5882,0.0,0.5456
GD1010034381124,0.0,0.0,0.5,0.0,0.65
GD1010176176205,0.5362,0.0,0.5333,0.0,0.6004
GD1010191386497,0.3021,0.0,0.6,0.0,0.6058
GD1010188649763,0.8384,0.0,0.8214,0.0,0.5186
GD1010105220075,0.9554,0.3185,0.5,0.0189,0.6238
GD1010167453263,0.4367,0.2183,0.4,0.0345,0.6663
GD1010171807084,0.6623,0.0,0.25,0.0,0.647
GD1010131390120,0.0,0.0,0.25,0.0,0.7
GD1010189127613,3.0387,0.0,0.25,0.0,0.4569
GD1010163844877,0.6048,0.4032,0.5556,0.0,0.6577
GD1010098928985,5.2632,0.0,0.6667,0.0,0.2167
GD1010117152892,0.2653,0.0,0.25,0.0,0.6788
GD1010191217258,1.9737,0.0,0.5,0.0,0.4921
GD1010189703339,0.5326,0.0,0.5,0.0,0.6074
GD1010163867714,1.2719,0.0,0.4286,0.0,0.5625
GD1010173801570,3.4274,0.4032,0.6154,0.0,0.4199
GD1010178130737,0.0,0.0,0.3333,0.0,0.6833
GD1010180496962,4.7506,0.2375,0.6429,0.0,0.281
GD1010148369890,3.0445,0.2342,0.5,0.0,0.4455
GD1010175675246,0.6629,0.0,0.6667,0.0,0.5636
GD1010029737159,4.6875,0.0,0.25,0.0,0.325
GD1010127919704,0.1094,0.2188,0.4286,0.0,0.692
GD1010187131377,0.6397,0.0,0.6667,0.1395,0.5446
GD1010182410096,4.2553,0.0,0.3333,0.0,0.3429
GD1010187718340,2.7231,0.0756,0.6667,0.0,0.4114
GD1010188136876,0.4545,0.0,0.5,0.1579,0.59
GD1010189703338,0.5319,0.0,0.5,0.0222,0.6041
GD1010191249943,1.7544,0.0,0.8333,0.0,0.443
GD1010075318368,0.0,0.0,0.3333,0.0,0.6833
GD1010173782303,0.0,0.0,0.2,0.0,0.71
GD1010165567718,1.085,0.0,0.4444,0.0,0.5743
GD1010188006528,0.8621,0.0,0.5,0.0,0.581
GD1010191122465,0.0,0.0,0.4,0.0,0.67
GD1010191983807,3.0457,0.0,0.8667,0.0,0.333
GD1010190570865,3.5714,0.0,0.8333,0.0,0.2976
GD1010164959251,0.0,0.0,0.3333,0.0,0.6833
GD1010189916784,2.7174,0.0,0.5,0.0,0.4326
GD1010109268798,2.6144,0.1307,0.8333,0.069,0.3856
GD1010180475530,1.1628,0.0,0.6,0.0,0.537
GD1010160811554,1.3752,0.0,0.5,0.1395,0.5191
GD1010054187264,1.6129,0.0,0.75,0.0,0.471
GD1010171953217,0.5254,0.1751,0.3333,0.0,0.6705
GD1010184847384,1.3405,0.0,0.4,0.0,0.5628
GD1010189267213,1.3225,0.0,0.5714,0.0,0.5299
GD1010187862610,0.8531,0.0948,0.5667,0.0133,0.5822
GD1010029357591,0.2427,0.2427,0.2,0.0,0.731
GD1010148466525,1.0769,0.1538,0.4444,0.0,0.6006
GD1010171045995,1.7615,0.0,0.7083,0.0,0.4674
GD1010186570942,2.7344,0.0,0.8,0.0,0.3712
GD1010179166718,1.1611,0.0,0.5556,0.0,0.546
GD1010177599607,0.0,0.0,0.5,0.0,0.65
GD1008242226219,2.6415,0.0,0.7778,0.0,0.3831
GD1009135352495,0.0,0.0,0.75,0.0,0.6
GD1010074552306,1.7131,0.2141,0.625,0.0,0.5236
GD1010160887419,1.3129,0.1094,0.5882,0.0,0.5456
GD1010177066861,4.4025,0.0,0.625,0.0,0.2728
GD1010126840897,1.6311,0.0,0.7895,0.0,0.4616
GD1010168047396,2.6178,0.1745,0.3333,0.0,0.503
GD1010168643567,1.1662,0.0,0.2857,0.0,0.5996
GD1009532125228,1.3889,0.0,0.2727,0.0,0.5843
GD1010177066870,4.4586,0.0,0.625,0.0,0.2683
GD1010179169834,0.5848,0.0,0.6667,0.0571,0.5613
GD1010191061615,1.4354,0.0,0.1667,0.0,0.6018
GD1009788088069,0.0,0.0,0.8333,0.0,0.5833
GD1010191858137,3.0822,0.0,0.7143,0.0,0.3606
GD1010180718556,1.3043,0.0,0.3333,0.0,0.579
GD1010128378644,0.0,0.431,0.75,0.4444,0.6052
GD1010191011526,0.361,0.361,0.5714,0.0,0.667
GD1010006271334,0.9122,0.114,0.4118,0.0,0.6137
GD1010192125806,2.6168,0.0,0.625,0.0,0.4157
GD1010164590402,2.8721,0.0,0.2857,0.0,0.4631
GD1009781720318,17.8571,0.0,0.5,0.0,0.25
GD1010191785864,0.0,0.4202,0.6,0.0,0.7
GD1010181770843,0.8351,0.2088,0.6667,0.0851,0.5719
GD1010188213677,2.5,0.0,0.5,0.0,0.45
GD1010134463282,1.4542,0.0,0.5769,0.0208,0.5152
GD1010179355675,17.5,0.0,0.6667,0.0,0.2167
GD1010192125865,1.3183,0.0,0.6,0.0,0.5245
GD1010170139132,0.4747,0.3165,0.4667,0.0,0.6714
GD1010191918194,0.0,0.0,0.6667,0.0,0.6167
GD1010182406644,0.6373,0.0579,0.6471,0.0,0.5793
GD1009704436666,4.908,0.6135,0.8333,0.0,0.2929
GD1010191070947,2.1207,0.0,0.5,0.0192,0.4775
GD1010101397876,0.0,0.0,0.75,0.0,0.6
GD1010139798233,2.7586,0.0,0.75,0.0,0.3793
GD1009782562812,2.139,0.2674,0.7778,0.0,0.4679
GD1010166523314,0.8075,0.0,0.7143,0.0,0.5425
GD1010189270738,1.6563,0.0,0.6923,0.0,0.479
GD1010158193301,1.7084,0.2278,0.5455,0.0,0.5422
GD1010188128231,0.6024,0.3012,0.6667,0.0,0.6187
GD1008358646219,2.3904,0.3984,0.7692,0.0,0.4713
GD1010183680098,2.4194,0.0,0.5,0.0,0.4565
GD1010148427992,0.9972,0.0,0.5,0.0,0.5702
GD1005863473199,3.5461,0.7092,0.75,0.0,0.4345
GD1010175988922,3.504,0.0,0.6667,0.0,0.3363
GD1009605810137,2.0,0.4,0.6667,0.0,0.5233
GD1010188029697,1.4428,0.0,0.4667,0.0,0.5412
GD1010190950389,3.9761,0.0,0.6667,0.0,0.2986
GD1009929220623,0.0,0.0,0.5,0.0,0.65
GD1010095597064,0.6309,0.0,0.6154,0.0,0.5764
GD1010132414330,1.4706,0.0,0.8235,0.2424,0.4313
GD1010161102591,2.3256,0.0,0.7857,0.6545,0.3086
GD1010154687661,2.3853,0.1835,0.8889,0.0,0.412
GD1010137931149,0.5506,0.1376,0.6364,0.0,0.6016
GD1010079878991,1.5474,0.0,0.4286,0.0,0.5405
GD1010077381235,4.1783,0.0,0.7143,0.0,0.2729
GD1010088051073,2.3929,0.0,0.5263,0.0,0.4533
GD1010148914871,4.7337,0.0,0.7143,0.0,0.2284
GD1010187976006,1.1696,0.0,0.5385,0.0,0.5487
GD1010128029582,0.7764,0.0,0.6522,0.0,0.5575
GD1010087854774,1.3115,0.0,0.5455,0.0,0.536
GD1010096903924,1.199,0.0,0.5,0.0,0.5541
GD1010079292821,0.578,0.0,0.6538,0.0,0.573
GD1010162585916,0.1582,0.1582,0.3158,0.3167,0.6531
GD1010162323462,2.8571,0.0,0.6667,0.0,0.3881
GD1008242226212,2.8986,0.0,0.6667,0.0,0.3848
GD1010083813321,1.2931,0.0,0.5,0.0,0.5466
GD1010172389052,3.5654,0.1698,0.1667,0.0,0.4597
GD1010192125842,0.9756,0.0,0.6,0.0217,0.5487
GD1010012601690,2.4641,0.0,0.4,0.14,0.4519
GD1010181700255,3.0568,0.8734,0.625,0.0,0.526
GD1010180341623,0.4264,0.0,0.3529,0.0,0.6453
GD1010187955806,1.3423,0.3356,0.8889,0.0,0.5208
GD1010098871483,5.0505,0.0,0.9091,0.0,0.1682
GD1010172515977,5.3191,0.0,0.9091,0.0,0.1682
GD1009807978046,1.2876,0.0,0.6667,0.0,0.5137
GD1010087875504,0.551,0.0,0.9231,0.0,0.5213
GD1007649131636,4.5283,0.0,0.8571,0.0,0.2163
GD1010164085663,0.9107,0.0,0.5833,0.12,0.5425
GD1010189376313,2.8623,0.0,0.7647,0.0,0.3681
GD1010161721779,1.5337,0.0,0.7647,0.0,0.4744
GD1010164982406,2.1605,0.0,0.5789,0.0,0.4614
GD1010169982642,1.3311,0.0,0.5833,0.0,0.5268
GD1010180516798,1.5491,0.0,0.5,0.069,0.5157
GD1010148271849,2.1164,0.1764,0.7143,0.0,0.4672
GD1010143753606,1.7751,0.1972,0.7692,0.0,0.487
GD1010182840651,1.3587,0.2717,0.8571,0.0,0.5152
GD1010003092577,2.7027,0.0,0.875,0.4,0.2988
GD1009957474447,6.8182,0.0,0.5,0.0,0.25
GD1010185877354,1.0274,0.1712,0.5385,0.0423,0.5823
GD1009269345936,6.6667,0.0,0.8,0.0,0.19
GD1007935453441,1.0417,0.0,0.9,0.0,0.4867
GD1010140508753,0.7463,0.0,0.7857,0.0,0.5332
GD1010166385485,3.4014,0.0,0.7143,0.0,0.335
GD1010189446668,0.3311,0.0,0.4444,0.0,0.6346
GD1010159300982,2.7027,0.0,0.75,0.0,0.3838
GD1010100372238,5.0,0.0,0.5,0.0,0.25
GD1010144696787,1.636,0.2045,0.9333,0.0,0.4665
GD1010161295243,3.4483,0.0,0.5,0.0,0.3741
GD1007854321823,2.5806,0.0,0.7143,0.0,0.4007
GD1010154151646,1.8786,0.1445,0.7273,0.0,0.4783
GD1006041114241,4.321,0.0,0.8889,0.0,0.2265
GD1007758833254,0.5848,0.0,0.8571,0.0,0.5318
GD1010156826705,0.8319,0.1664,0.7333,0.0,0.5645
GD1010188320452,1.4535,0.0,0.7333,0.0,0.4871
GD1009972605237,5.6338,0.0,0.75,0.0,0.2
GD1009697553308,0.0,0.0,0.6667,0.0,0.6167
GD1007954581337,5.4054,0.0,0.4,0.0,0.27
GD1007925882226,5.914,0.0,0.6,0.0,0.23
GD1010168408727,3.2787,0.3279,0.7,0.0,0.4023
GD1010179633514,0.7715,0.0,0.7143,0.0,0.5454
GD1010026037431,1.0929,0.4098,0.8,0.0,0.5709
GD1010014774037,2.1978,0.0,0.5714,0.0,0.4599
GD1010005521393,1.5152,0.0,0.3333,0.0,0.5621
GD1009563892630,1.4085,0.0,0.8889,0.0,0.4595
GD1010180960776,2.58,0.0,0.5,0.0,0.4436
GD1007909310817,8.5366,0.0,0.5,0.0,0.25
GD1010142372190,2.5,0.0,0.5455,0.0,0.4409
GD1006549799475,2.6316,0.0,0.9231,0.0,0.3549
GD1010030433890,0.0,0.0,0.6667,0.0,0.6167
GD1007954581336,1.3889,0.0,0.4,0.0,0.5589
GD1010158278023,0.6515,0.0,0.625,0.1667,0.5479
GD1010092011505,2.1333,0.0,0.9231,0.0,0.3947
GD1010171231135,1.2397,0.0689,0.8462,0.0,0.4931
GD1010191093056,1.2963,0.0,0.75,0.0,0.4963
GD1010174665157,2.6059,0.0,0.8462,0.0,0.3723
GD1010115980326,4.2254,0.0,0.8571,0.0,0.2405
GD1010141561000,0.6601,0.0,0.4,0.0,0.6172
GD1010178677006,0.9245,0.1541,0.6087,0.0,0.58
GD1010150220969,1.2113,0.1346,0.8333,0.0,0.5089
GD1010140533715,1.1673,0.0,0.7273,0.0,0.5112
GD1010179297438,0.2747,0.2747,0.3333,0.0,0.7071
GD1010191037769,1.0853,0.0,0.2727,0.0,0.6086
GD1010150221315,1.2784,0.142,0.8333,0.0,0.5047
GD1010159381222,0.1318,0.0,0.2,0.0,0.6995
GD1010173095451,2.2099,0.0,0.8667,0.0,0.3999
GD1010103116069,0.1555,0.1555,0.6111,0.0488,0.6339
GD1010176466452,0.9928,0.0,0.5714,0.0,0.5563
GD1010168827918,0.3413,0.1706,0.2,0.0,0.7111
GD1010141631674,2.1651,0.2706,0.7778,0.0,0.4663
GD1010179227160,1.7525,0.1095,0.5556,0.0,0.5169
GD1010012156119,2.451,0.0,0.6,0.0,0.4339
GD1010185718796,1.2433,0.0,0.5769,0.0,0.5351
GD1010177148554,1.0753,0.1792,0.8,0.0,0.5338
GD1010171462076,3.0075,0.0,0.8,0.4889,0.2761
GD1010191093058,1.2635,0.0,0.7647,0.0,0.496
GD1010124989065,4.6205,0.6601,0.9231,0.0,0.3058
GD1010150845319,5.1282,0.0,0.25,0.0,0.3
GD1010154041852,2.2472,0.2809,0.9,0.0,0.437
GD1010162714004,1.5119,0.432,0.619,0.0,0.5772
GD1010166378934,1.8868,0.0,0.5455,0.0,0.49
GD1010127177966,4.9724,0.0,0.8333,0.0,0.1855
GD1010186159038,5.4348,0.0,0.5,0.0,0.25
GD1010123798569,1.1561,0.0,0.8571,0.0,0.4861
GD1010172944279,0.4669,0.2335,0.44,0.0,0.6636
GD1010186469387,0.9029,0.2257,0.6667,0.0,0.5821
GD1010188978524,1.0176,0.0925,0.5,0.0,0.584
GD1010180193124,4.0472,0.0,0.5333,0.0,0.3196
GD1010126807506,1.6923,0.0,0.5,0.0,0.5146
GD1010191171851,0.0,0.0,0.75,0.0,0.6
GD1010188978515,0.3018,0.1006,0.75,0.0,0.5926
GD1010139263645,1.5837,0.2262,0.75,0.0,0.511
GD1010140623175,4.2254,0.0,0.9,0.0,0.232
GD1010098621031,0.2573,0.1715,0.6522,0.0519,0.6198
GD1010029238562,6.7797,0.0,0.8571,0.0,0.1786
GD1007738788373,0.5801,0.0,0.4375,0.0,0.6161
GD1009938023608,6.6456,0.0,0.5,0.1707,0.2244
GD1010039137384,0.2469,0.1646,0.6522,0.0519,0.6195
GD1010053310494,4.1667,0.0,0.6,0.0,0.2967
GD1010171806523,0.3576,0.0,0.3077,0.0,0.6599
GD1007839811676,0.0,0.0,0.5,0.0,0.65
GD1010117107248,1.5038,0.3759,0.6154,0.0,0.5693
GD1010156509651,1.5432,0.1543,0.75,0.0,0.5023
GD1010163088434,2.2754,0.0,0.84,0.0,0.4
GD1010137971260,3.3149,0.0,0.5,0.0,0.3848
GD1010012156135,5.0,0.0,0.6,0.0,0.23
GD1010189625907,7.3333,0.4,0.6875,0.0,0.2792
GD1010159232550,2.3091,0.0,0.9167,0.0,0.3819
GD1010120417835,6.3291,0.0,0.8,0.0,0.19
GD1008608606004,2.0339,0.339,0.8,0.0,0.4838
GD1010032999686,6.383,0.0,0.8889,0.0,0.1722
GD1010155316672,0.5216,0.0745,0.7037,0.0,0.5799
GD1010188964739,0.3626,0.0,0.6667,0.0,0.5877
GD1008157342102,4.2857,0.0,0.5,0.0,0.3071
GD1010187384942,2.0362,0.0,0.6364,0.0,0.4598
GD1010182470342,2.4465,0.0,0.8,0.0,0.3943
GD1009957476095,3.012,0.3012,0.7143,0.0,0.4164
GD1010057179983,0.2717,0.0,0.75,0.0,0.5783
GD1010031281658,0.8493,0.2123,0.8571,0.0,0.546
GD1009686139822,3.3133,0.3012,0.2308,0.1143,0.4718
GD1009983534560,14.2857,0.0,0.5,0.0,0.25
GD1010191570350,0.9581,0.0,0.5,0.0,0.5734
GD1010171869640,2.0134,0.0,0.8214,0.0,0.4246
GD1009947953274,5.9211,0.2193,0.6,0.0,0.2665
GD1010160809976,0.0,0.0,0.6154,0.1714,0.6012
GD1010168611359,4.2159,0.0,0.8182,0.0,0.2491
GD1009982049042,1.6026,0.0,0.8182,0.0,0.4582
GD1010080491679,0.6623,0.2208,0.8462,0.0,0.5646
GD1010159044694,1.1222,0.1247,0.84,0.0116,0.5113
GD1010170953433,5.0,0.0,0.3333,0.0,0.2833
GD1009943593992,1.7316,0.0,0.7778,0.0,0.4559
GD1010074305928,3.8123,0.0,0.9286,0.0,0.2593
GD1010143393108,0.996,0.0,0.8462,0.0,0.5011
GD1010060640618,4.1667,0.0,0.913,0.0226,0.2307
GD1010188978520,0.9479,0.0948,0.6667,0.0,0.5566
GD1009380930906,4.9451,0.0,0.5,0.0,0.2544
GD1010189361611,1.4388,0.1028,0.5385,0.0172,0.5417
GD1010179371625,0.0,0.0,0.75,0.0,0.6
GD1010191283887,0.5161,0.0,0.2727,0.0,0.6542
GD1010145742907,1.8051,0.1805,0.7,0.0,0.4957
GD1010143079080,1.378,0.0,0.8462,0.0,0.4705
GD1010081225033,0.0,0.0,0.5,0.0,0.65
GD1010177411013,5.5556,0.0,0.3333,0.0,0.2833
GD1010155398282,2.1186,0.0,0.75,0.0,0.4305
GD1009975014242,0.2594,0.1297,0.2,0.0,0.7109
GD1010145472620,1.9355,0.0,0.6667,0.0,0.4618
GD1010191450243,0.8386,0.0,0.8889,0.0,0.5051
GD1010068823925,1.6393,0.0,0.8824,0.0,0.4424
GD1010155359827,1.4056,0.0,0.8,0.0,0.4776
GD1010156866036,1.1123,0.0,0.72,0.0,0.517
GD1010192040475,3.1847,0.0,0.8,0.0,0.3352
GD1010116216948,3.7152,0.0,0.6154,0.0,0.3297
GD1010159081986,0.1136,0.2273,0.3889,0.0,0.701
GD1010165113571,0.0,0.1087,0.6875,0.0115,0.6289
GD1010188241213,0.0,0.0,0.625,0.0,0.625
GD1010167065315,0.6452,0.0,0.6667,0.0,0.5651
GD1010080625658,0.7067,0.1178,0.625,0.0,0.5881
GD1010137828984,1.3953,0.0,0.5833,0.0,0.5217
GD1010112166813,4.1096,0.0,0.75,0.2162,0.2388
GD1010000857705,1.6082,0.0,0.875,0.0,0.4463
GD1010133017294,2.385,0.0,0.75,0.0,0.4092
GD1010088035530,1.8987,0.0,0.6667,0.0,0.4648
GD1010104531228,1.6478,0.0,0.7273,0.0,0.4727
GD1010157727798,0.4367,0.0,0.8889,0.0,0.5373
GD1010189815049,1.8242,0.1658,0.5833,0.0,0.515
GD1010142850457,1.1574,0.2315,0.8333,0.0,0.5293
GD1010155515617,3.7037,0.0,0.9,0.0,0.2737
GD1010170042162,5.7143,0.0,0.6667,0.0,0.2167
GD1008011539630,1.2438,0.0,0.25,0.0,0.6005
GD1010171892782,0.7463,0.2488,0.5833,0.0,0.6151
GD1010123364663,4.0724,0.0,0.9167,0.0,0.2409
GD1010159128941,0.6494,0.0,0.8,0.0,0.5381
GD1010136211095,0.0,0.0,0.5,0.0,0.65
GD1009811135446,1.1702,0.1064,0.5714,0.0,0.5598
GD1010105043986,0.7481,0.0,0.7,0.0,0.5501
GD1009986647733,10.1266,0.0,0.75,0.0,0.2
GD1010145688870,3.4843,0.3484,0.6364,0.0,0.4021
GD1009851904385,6.1697,0.0,0.75,0.0,0.2
GD1010144855565,1.6194,0.0,0.8333,0.0,0.4538
GD1010176875477,2.1201,0.0,0.75,0.0,0.4304
GD1009902680489,1.9231,0.0,0.8,0.0,0.4362
GD1010172534818,4.0426,0.0,0.4444,0.0,0.3377
GD1010158303629,3.035,0.0,0.7143,0.0,0.3643
GD1010186926919,2.8902,0.0,0.9091,0.0,0.337
GD1010098780346,2.2277,0.0,0.7692,0.0,0.4179
GD1010077973005,1.6427,0.0,0.625,0.0,0.4936
GD1010112166808,11.5854,0.0,0.8333,0.2353,0.148
GD1009606697635,1.4235,0.0,0.6,0.0,0.5161
GD1010078879212,2.649,0.0,0.6667,0.0,0.4047
GD1010169109055,1.1416,0.0,0.7857,0.0,0.5015
GD1010176451496,6.3758,0.0,0.8333,0.4583,0.1146
GD1007219199125,2.8455,0.0,0.9167,0.0,0.339
GD1010170502748,9.3023,0.0,0.5,0.0,0.25
GD1010098308228,7.2289,0.0,0.8,0.0,0.19
GD1005957142708,1.7467,0.0,0.5,0.0,0.5103
GD1007738788364,0.4691,0.0,0.4167,0.0,0.6291
GD1010029433740,1.5504,0.0,0.5,0.0,0.526
GD1009901589738,2.0,0.0,0.5,0.0,0.49
GD1008551659880,1.8868,0.0,0.8,0.0,0.4391
GD1005900414928,0.9434,0.0,0.6667,0.0,0.5412
GD1008903136323,1.7123,0.0,0.5,0.0,0.513
GD1009618805607,1.9886,0.0,0.7,0.0,0.4509
GD1009680910749,8.1081,0.0,0.5,0.0,0.25
GD1006877162145,1.8349,0.0,0.8,0.0,0.4432
GD1007559187733,3.0534,0.0,0.6667,0.0,0.3724
GD1009974847166,2.6201,1.31,0.5714,0.0,0.6444
GD1009513636736,5.5556,0.0,0.6667,0.0,0.2167
GD1010036467238,2.9851,0.0,0.8889,0.0,0.3334
GD1006649775121,6.129,0.3226,0.8182,0.0,0.2401
GD1010142059921,0.5988,0.0,0.875,0.0,0.5271
GD1005649563038,0.0,0.0,0.8,0.0,0.59
GD1009433735056,0.8529,0.0,0.75,0.0,0.5318
GD1007467247069,2.9762,0.0,0.8571,0.0,0.3405
GD1009065281506,1.7296,0.0,0.7368,0.0272,0.4602
GD1009750432181,1.9608,0.3268,0.375,0.0,0.5726
GD1006367490721,0.0,1.4493,0.8,0.0,0.8315
GD1010166417609,4.2373,0.0,0.8333,0.0,0.2444
GD1009724595329,2.6866,0.2985,0.8571,0.0,0.4134
GD1008540990872,1.1765,0.1961,0.75,0.0,0.5386
GD1010176475069,4.8485,0.0,0.75,0.0,0.2121
GD1007966234404,3.2895,0.0,0.8889,0.0,0.3091
GD1005906786647,2.2099,0.0,0.6667,0.0,0.4399
GD1006234974639,3.4483,0.0,0.8333,0.0,0.3075
GD1007928568285,1.0471,0.0,0.8,0.0,0.5062
GD1008833461339,4.7493,0.5277,0.8333,0.0,0.2913
GD1007152078972,1.6043,0.0,0.4,0.0526,0.5338
GD1010006816634,3.9007,0.0,0.6,0.0,0.3179
GD1009318131514,2.9412,0.0,0.5,0.0,0.4147
GD1006034255929,0.8052,0.3221,0.8947,0.0,0.5603
GD1010165805804,4.5113,0.0,0.8889,0.0,0.2113
GD1010177163435,1.2526,0.0,0.6667,0.0,0.5165
GD1008468998302,0.0,0.0,0.5,0.0,0.65
GD1010169886951,1.3657,0.3035,0.7778,0.0,0.5358
GD1010157388730,2.027,0.0,0.5,0.0,0.4878
GD1009650130305,6.2992,0.0,0.6667,0.0,0.2167
GD1009606922304,2.2857,0.0,0.6667,0.0,0.4338
GD1009422177997,0.9009,0.6006,0.8571,0.0,0.6066
GD1008161892624,3.3333,0.0,0.6667,0.0,0.35
GD1010086567193,3.2558,0.4651,0.6667,0.0,0.4337
GD1010175631785,1.7857,0.1116,0.4615,0.0,0.5334
GD1009767220977,6.1947,0.0,0.875,0.0,0.175
GD1007767904151,5.9829,0.0,0.6667,0.0,0.2167
GD1008692839578,3.7634,0.0,0.5,0.0,0.3489
GD1007741637948,2.3256,0.0,0.75,0.0,0.414
GD1007894528847,25.0,0.0,0.5,0.0,0.25
GD1007582396429,2.1008,0.0,0.6,0.0,0.4619
GD1007764359544,5.1282,0.0,0.5,0.0,0.25
GD1007873531275,4.9724,0.0,0.5,0.0,0.2522
GD1008804260395,2.0921,0.0,0.6,0.0,0.4626
GD1008687043240,1.1905,0.0,0.75,0.0,0.5048
GD1009286502053,1.3029,0.0,0.6667,0.0,0.5124
GD1010180964001,3.6437,0.0,0.6,0.0,0.3385
GD1007301187953,1.8072,0.6024,0.8,0.0,0.5458
GD1009686139823,2.122,0.0,0.9091,0.075,0.3872
GD1009211007543,6.4516,0.0,0.6667,0.0,0.2167
GD1007767972502,6.0241,1.2048,0.5,0.0,0.4508
GD1010006849675,1.5385,0.5128,0.75,0.0,0.5624
GD1008730016489,0.0,0.0,0.5,0.0,0.65
GD1010179151240,3.5714,0.0,0.875,0.75,0.1768
GD1010156436634,0.4153,0.0831,0.5882,0.0,0.613
GD1008457097003,4.5455,0.0,0.5,0.0,0.2864
GD1010153981675,0.8415,0.0,0.85,0.0,0.5127
GD1007972739731,2.5974,0.0,0.5,0.4444,0.3755
GD1010122634632,1.6667,0.0,0.4,0.0179,0.534
GD1010058117010,0.5208,0.0,0.9231,0.0,0.5237
GD1010171327248,0.5242,0.0,0.7857,0.0,0.5509
GD1010103489311,3.1325,0.241,0.8462,0.0,0.3703
GD1010137832334,4.5732,0.0,0.875,0.0,0.2091
GD1010154948927,3.8776,0.0,0.7,0.0,0.2998
GD1010051230672,0.3974,0.1325,0.7619,0.0,0.5879
GD1010107684331,4.9505,0.0,0.75,0.0,0.204
GD1007171694587,0.0,0.0,0.5,0.0,0.65
GD1009496244856,2.4965,0.0,0.2,0.0377,0.5046
GD1009848084931,18.6441,0.0,0.5,0.0,0.25
GD1010183498633,1.6313,0.1631,0.4,0.0,0.5667
GD1010144599480,0.1916,0.1916,0.9091,0.0,0.5848
GD1010149416882,1.0453,0.1742,0.75,0.0,0.5454
GD1010068797690,2.8881,0.0,0.8889,0.0,0.3412
GD1010143057918,2.554,0.0,0.6667,0.0,0.4123
GD1010061452163,4.8017,0.0,0.8947,0.0,0.1869
GD1010142826000,4.8843,0.0,0.8182,0.0,0.1956
GD1010127395711,0.4819,0.0,0.75,0.0,0.5614
GD1008402828250,3.4121,0.0,0.625,0.0,0.352
GD1010158940821,0.9333,0.0,0.75,0.0,0.5253
GD1010062115647,1.6949,0.0,0.375,0.093,0.5255
GD1009757118914,2.6667,0.0,0.5,0.0,0.4367
GD1010168611697,2.2835,0.0,0.8571,0.0,0.3959
GD1009906961196,4.2105,0.0,0.875,0.0,0.2382
GD1010169586676,2.7187,0.1182,0.9375,0.0,0.3647
GD1010025371495,0.4633,0.4633,0.8333,0.0,0.6235
GD1009989921449,5.7692,0.0,0.9167,0.0,0.1667
GD1009790591402,1.4173,0.0,0.5,0.0,0.5366
GD1010137912838,2.0349,0.1453,0.4444,0.0,0.5225
GD1010006954834,3.0391,0.1447,0.8667,0.0,0.3577
GD1009306584498,0.6515,0.3257,0.875,0.0,0.5772
GD1010156458244,4.878,0.0,0.8,0.0,0.1998
GD1010017223414,4.2683,0.0,0.5,0.0,0.3085
GD1009790591797,1.4286,0.0,0.5,0.0,0.5357
GD1010070137986,1.1673,0.0,0.5556,0.0,0.5455
GD1010144855575,6.2147,0.0,0.8,0.0,0.19
GD1010096880410,3.6879,0.0,0.7778,0.1091,0.283
GD1006244639466,1.1097,0.0,0.5556,0.0,0.5501
GD1010177998034,0.5929,0.0,0.75,0.0,0.5526
GD1010171238155,1.0448,0.0,0.5,0.0164,0.564
GD1009985088860,3.2979,0.2128,0.7143,0.0,0.3788
GD1010191674872,1.1246,0.0,0.6364,0.0,0.5328
GD1010191082784,7.0866,0.0,0.5,0.0,0.25
GD1009496777294,2.2599,0.0,0.5714,0.0,0.4549
GD1010178394554,4.3073,0.0,0.8261,0.0,0.2402
GD1010177529628,6.0847,0.0,0.7143,0.0,0.2071
GD1010094160149,0.67,0.0,0.8235,0.0,0.5317
GD1010162614586,1.4493,0.0,0.75,0.0,0.4841
GD1010162743814,1.2285,0.0,0.6,0.0,0.5317
GD1010181391595,0.0,0.0,0.5,0.0,0.65
GD1010109420702,1.8576,0.3096,0.9,0.0,0.473
GD1010161837536,0.6723,0.0,0.8333,0.0,0.5296
GD1010150210469,1.0152,0.1692,0.5714,0.0,0.5827
GD1010118399450,2.1978,0.0,0.7143,0.0,0.4313
GD1009945322830,1.5038,0.188,0.25,0.0,0.611
GD1010190641761,3.7901,0.0,0.875,0.0,0.2718
GD1010061778763,4.4643,0.0,0.875,0.6154,0.1255
GD1010191317928,0.0,0.0,0.9,0.0,0.57
GD1009396668754,4.2857,0.0,0.6667,0.0,0.2738
GD1008506603359,0.0,0.0,0.4,0.0,0.67
GD1010170069400,0.8945,0.0,0.56,0.0,0.5664
GD1010155061733,3.2922,0.4115,0.4286,0.0,0.4695
GD1009551095276,2.8391,0.9464,0.875,0.0,0.5056
GD1007999449903,2.9155,0.2915,0.8,0.0,0.4054
GD1010124869482,0.7042,0.2347,0.8571,0.0,0.5614
GD1010186679920,1.9787,0.1522,0.8571,0.0,0.4456
GD1009152850087,3.0612,0.0,0.75,0.0,0.3551
GD1007894643859,5.4054,0.0,0.3333,0.0,0.2833
GD1009606712806,2.5926,0.0,0.625,0.0,0.4176
GD1005696187287,2.0202,0.0,0.3333,0.0,0.5217
GD1009697643092,0.7874,0.0,0.8182,0.0,0.5234
GD1007738788390,0.471,0.0,0.4167,0.0,0.629
GD1010069901581,2.4457,0.5435,0.6,0.0,0.5249
GD1007593697710,1.4286,0.4762,0.6667,0.0,0.5817
GD1008999595896,3.1008,0.0,0.7273,0.0,0.3565
GD1010124488773,1.2987,0.3247,0.8889,0.0,0.5224
GD1009978327120,0.6536,0.6536,0.5,0.0,0.7066
GD1008952246347,1.0309,0.0,0.75,0.0,0.5175
GD1010138092158,0.5549,0.1665,0.6957,0.0,0.5942
GD1007764359541,3.2258,0.0,0.5,0.0,0.3919
GD1009625976564,2.2857,0.0,0.8,0.0,0.4071
GD1010188669899,2.5063,0.2506,0.7143,0.0,0.4484
GD1010085863733,0.6019,0.0,0.5882,0.0,0.5842
GD1009227091208,6.9307,0.0,0.5,0.0,0.25
GD1009983702174,16.2393,0.0,0.5,0.0,0.25
GD1007838721358,1.8692,0.0,0.5,0.0,0.5005
GD1009235618698,2.6022,0.0,0.75,0.0,0.3918
GD1010183654341,2.1277,0.0,0.8571,0.2143,0.3762
GD1007856515877,3.3333,0.0,0.6,0.0,0.3633
GD1010150131303,2.3585,0.1572,0.7,0.0,0.4475
GD1009707959183,3.8462,0.0,0.5,0.0,0.3423
GD1006184230755,4.5455,0.0,0.5,0.0,0.2864
GD1009834334893,5.2632,0.0,0.8,0.0,0.19
GD1009183009766,1.4771,0.2954,0.7273,0.0,0.5356
GD1008729660592,3.2,0.0,0.8571,0.0,0.3226
GD1008713225915,7.027,0.0,0.8,0.0,0.19
GD1008910208262,2.5641,0.3205,0.6,0.0,0.4783
GD1008546131448,0.0,0.5319,0.5,0.0,0.7387
GD1009822945804,2.4523,0.2725,0.7692,0.0,0.4454
GD1010107888021,1.5625,0.0,0.8333,0.0,0.4583
GD1010177029336,1.2363,0.2747,0.7857,0.1429,0.5183
GD1009157678232,0.625,0.3125,0.5,0.0,0.6521
GD1009869065699,4.955,0.2252,0.75,0.0,0.2411
GD1008233108435,4.8913,0.0,0.75,0.0,0.2087
GD1009880519201,0.8863,0.1477,0.7692,0.0,0.5499
GD1009960227232,2.9586,0.0,0.6667,0.0,0.38
GD1009013510254,0.5682,0.0,0.5,0.0,0.6045
GD1010109200590,2.2989,0.5747,0.6,0.0,0.5419
GD1007754610218,6.8182,0.0,0.5,0.0,0.25
GD1009013186394,0.5682,0.0,0.5,0.0,0.6045
GD1010183797476,1.9526,0.0,0.7143,0.0,0.4509
GD1006416784372,4.7619,0.0,0.5,0.0,0.269
GD1009730986043,0.3401,0.0,0.4,0.0,0.6428
GD1010191302680,3.9474,0.0,0.6,0.0,0.3142
GD1010168485170,1.7456,0.0,0.9091,0.0,0.4285
GD1010037476315,3.2787,0.8197,0.7,0.0,0.4843
GD1010117752923,1.4199,0.0,0.25,0.0,0.5864
GD1008584769095,0.0,0.0,0.5,0.0,0.65
GD1010183107409,3.1646,0.0,0.8889,0.0,0.3191
GD1009945217920,4.3825,0.0,0.7,0.0,0.2594
GD1010137384215,0.6519,0.0,0.6364,0.0351,0.5653
GD1010057039510,2.2646,0.0,0.4286,0.0,0.4831
GD1010131836114,0.7414,0.0824,0.8333,0.0,0.5378
GD1010189207361,2.0408,0.2551,0.5556,0.0,0.5181
GD1010188266576,1.23,0.0,0.7895,0.0,0.4937
GD1010163588544,1.3641,0.0,0.8,0.0,0.4809
GD1010005722510,2.0243,0.0,0.9167,0.0,0.4047
GD1010118252462,1.5075,0.0718,0.6552,0.0,0.5103
GD1010188010519,3.252,0.0,0.9091,0.0615,0.2988
GD1010183214023,1.3115,0.0,0.6,0.0,0.5251
GD1010183799124,2.1073,0.0,0.7,0.0,0.4414
GD1010036579611,1.9444,0.1389,0.7333,0.0,0.4709
GD1010180693709,2.8571,0.0,0.7273,0.2368,0.3404
GD1010190935105,2.963,0.0,0.6667,0.0,0.3796
GD1010155927831,2.9018,0.0,0.8182,0.0,0.3542
GD1010189426426,0.7519,0.188,0.75,0.0238,0.5676
GD1009966575923,0.6494,0.0,0.8,0.0,0.5381
GD1010164967991,4.0881,0.0,0.6667,0.0,0.2896
GD1010131554907,1.2766,0.2128,0.5,0.0,0.5833
GD1010150457025,5.2133,0.0,0.9,0.0,0.17
GD1010070065170,1.0152,0.5076,0.625,0.0,0.6284
GD1010158760362,3.1299,0.1565,0.9333,0.0,0.339
GD1010164479532,5.614,0.0,0.6667,0.1622,0.1923
GD1010158307254,0.8859,0.0,0.7647,0.0,0.5262
GD1010160315693,1.0135,0.0,0.9167,0.0294,0.4812
GD1009850362760,4.0767,0.2398,0.9091,0.0,0.282
GD1010183724312,0.7112,0.0,0.5,0.0,0.5931
GD1009373319709,3.4043,0.0,0.4286,0.0,0.3919
GD1007999853631,3.2028,0.0,0.7143,0.0,0.3509
GD1010083845057,0.0,0.0,0.8,0.0,0.59
GD1009833698923,2.957,0.0,0.8125,0.0,0.3509
GD1010145530233,8.4746,0.0,0.5,0.0,0.25
GD1009971205574,4.0107,0.0,0.6,0.0294,0.3047
GD1008270450249,0.0,0.0,0.6667,0.0,0.6167
GD1009824167819,5.102,0.0,0.5714,0.0,0.2357
GD1009872582638,6.079,0.0,0.9167,0.0,0.1667
GD1010149556163,0.4155,0.1385,0.3636,0.0,0.6671
GD1010005371754,15.7895,0.0,0.875,0.0,0.175
GD1007888115295,0.0,0.0,0.7143,0.0,0.6071
GD1010168549799,1.771,0.1181,0.8421,0.0,0.4596
GD1009801880286,1.519,0.2532,0.9091,0.0,0.4889
GD1010172359178,6.8966,0.0,0.875,0.0,0.175
GD1010028316025,1.2766,0.2837,0.7,0.0,0.5552
GD1009773332719,1.9886,0.0,0.4,0.0,0.5109
GD1010164343430,0.2735,0.0,0.7895,0.0,0.5702
GD1010178415088,3.9106,0.1862,0.7143,0.0,0.3253
GD1010117784339,4.0936,0.0,0.5,0.0,0.3225
GD1008204441965,2.1739,0.5435,0.5,0.0,0.5667
GD1010015282838,3.5294,0.0,0.5,0.0,0.3676
GD1010137384217,0.641,0.0,0.75,0.0364,0.5433
GD1010092878989,2.8931,0.0,0.913,0.0571,0.3274
GD1010156764559,0.7366,0.1842,0.8,0.0,0.5618
GD1010178524106,7.113,0.8368,0.5,0.0,0.3895
GD1010032049182,0.0,0.0,0.75,0.0,0.6
GD1010128131203,0.1506,0.0,0.7143,0.0,0.5951
GD1007415195803,2.8571,0.0,0.5,0.0,0.4214
GD1010172063186,0.0,0.0,0.5,0.0,0.65
GD1010191021020,2.4309,0.0,0.9048,0.0,0.3746
GD1010155511055,1.7007,0.0,0.5455,0.0,0.5049
GD1010060511276,3.5842,0.0,0.9231,0.0,0.2786
GD1010161289522,2.9333,0.0,0.7778,0.0,0.3598
GD1010183753878,3.9216,0.2451,0.25,0.0,0.4271
GD1008297385561,12.963,0.0,0.75,0.0,0.2
GD1010116961866,0.5155,0.2577,0.8,0.0,0.5917
GD1010183982576,4.2923,0.0,0.95,0.0,0.2166
GD1009978345112,2.669,0.1779,0.76,0.0,0.4141
GD1010180405652,2.2556,0.0,0.8571,0.0,0.3981
GD1010171039679,0.8651,0.0,0.7143,0.0,0.5379
GD1010120053957,3.8685,0.0,0.9474,0.0,0.251
GD1010144666965,2.1429,0.0,0.25,0.0,0.5286
GD1010178679173,4.8077,0.4808,0.4,0.0,0.3655
GD1010190708652,2.6455,0.0,0.6154,0.0,0.4153
GD1010142380849,0.0,0.0,0.6,0.0,0.63
GD1010177599630,1.7383,0.0915,0.5,0.0,0.5262
GD1010088051104,2.3102,0.0,0.75,0.0,0.4152
GD1010173095045,0.9009,0.0,0.6364,0.0,0.5507
GD1010188146796,0.4298,0.0,0.7778,0.0,0.5601
GD1010027686025,0.5089,0.0,0.8333,0.0,0.5426
GD1010131060442,0.4362,0.1091,0.4667,0.0,0.6399
GD1010094165429,1.2136,0.0,0.6667,0.0,0.5196
GD1007955280209,17.2757,0.0,0.9091,0.0,0.1682
GD1010013578419,0.0,0.0,0.5,0.0,0.65
GD1010141692753,4.7458,0.0,0.8947,0.0,0.1914
GD1010179872933,1.1742,0.1957,0.8571,0.0,0.5173
GD1010188049148,1.0782,0.2695,0.8889,0.0,0.5309
GD1010188981339,0.5236,0.2618,0.9,0.0,0.5717
GD1010147404998,5.7143,0.4082,0.5,0.0,0.318
GD1009930820809,0.0,0.0,0.6667,0.0,0.6167
GD1010180686926,1.518,0.0,0.75,0.0,0.4786
GD1010042353124,1.7391,0.3478,0.8889,0.0,0.4911
GD1010184544999,2.7826,0.0,0.8333,0.0,0.3607
GD1010124802873,3.9106,0.0,0.9333,0.0,0.2505
GD1010075872711,1.5873,0.0,0.75,0.0,0.473
GD1009992842022,4.2607,0.0,0.9,0.0222,0.2258
GD1010139664158,2.2099,0.0,0.8421,0.0,0.4048
GD1010181468234,5.6522,0.0,0.75,0.0,0.2
GD1009518573705,2.2951,0.0,0.9231,0.0,0.3818
GD1010183724563,5.3061,0.0,0.6,0.0,0.23
GD1009974155767,1.1905,0.0,0.8182,0.0,0.4911
GD1010162400924,1.4545,0.0,0.7826,0.0,0.4771
GD1010159173378,2.1611,0.0,0.2778,0.0,0.5216
GD1010191466085,2.1077,0.0,0.7692,0.0,0.4275
GD1010154755091,3.3163,0.0,0.3333,0.0,0.418
GD1010179671074,1.2048,0.0,0.8421,0.0,0.4852
GD1010179435825,0.782,0.0,0.4667,0.0,0.5941
GD1010178394464,4.3023,0.0,0.8462,0.0,0.2366
GD1010191270425,2.4055,0.3436,0.8182,0.0,0.4512
GD1010145752333,0.2481,0.0,0.8889,0.0,0.5524
GD1010154129644,3.8043,0.0,0.7273,0.0,0.3002
GD1009560045549,3.9514,0.304,0.8333,0.0,0.3179
GD1010109135312,1.398,0.0822,0.5926,0.0,0.5333
GD1010165533475,4.3307,0.0,0.8889,0.0,0.2258
GD1010155237241,1.0417,0.5208,0.6667,0.0,0.6201
GD1010067307304,4.3919,0.0,0.7143,0.0,0.2558
GD1010167234493,1.8382,0.0,0.5833,0.0625,0.4769
GD1010186743270,2.4725,0.0,0.7857,0.0,0.3951
GD1010179354109,0.6791,0.0,0.8333,0.0,0.529
GD1007764716710,1.2195,0.0,0.75,0.0,0.5024
GD1008123796798,1.5361,0.0,0.8182,0.0,0.4635
GD1010015131663,0.6803,0.3401,0.8,0.0,0.5923
GD1010183689211,12.963,0.0,0.6667,0.0,0.2167
GD1010130714418,2.0492,0.0,0.5,0.1154,0.4688
GD1010192125872,0.9756,0.0,0.6,0.0217,0.5487
GD1010176883990,3.719,0.0,0.75,0.7222,0.1941
GD1010173564441,4.4444,0.0,0.6667,0.0,0.2611
GD1009978326750,2.8777,0.0,0.4286,0.0,0.4341
GD1010189444625,1.2324,0.5282,0.7273,0.0,0.594
GD1010149979393,1.4019,0.0,0.5,0.0,0.5379
GD1010186333538,1.1457,0.0,0.6,0.0909,0.5247
GD1010019615993,1.8692,0.9346,0.8333,0.0,0.5896
GD1010189273543,0.9009,0.0,0.6,0.0,0.5579
GD1010186703724,0.0,0.0,0.3333,0.0,0.6833
GD1010191916331,1.2821,0.7692,0.8667,0.0,0.6023
GD1010180465184,9.7222,0.0,0.6667,0.0,0.2167
GD1010133747126,1.5385,0.0,0.2857,0.0,0.5698
GD1010153293672,3.7402,0.1969,0.7333,0.0,0.3369
GD1010123675720,2.0161,0.2688,0.8,0.0,0.4735
GD1010170023467,3.1165,0.271,0.7647,0.0,0.3929
GD1010182740227,1.5544,0.0,0.8333,0.2105,0.4274
GD1010143078216,2.1739,0.0,0.7143,0.0,0.4332
GD1010182131517,0.6315,0.0574,0.6471,0.0,0.5796
GD1009900015966,1.8978,0.146,0.6667,0.0,0.4892
GD1010123274519,0.9625,0.0,0.5833,0.0,0.5563
GD1010177979241,0.4178,0.2786,0.8667,0.0976,0.575
GD1010175015614,0.984,0.0,0.7143,0.0,0.5284
GD1010099973359,0.0,0.431,0.8333,0.0,0.6552
GD1010123712402,4.4665,0.1241,0.52,0.0,0.3094
GD1010174244420,0.8123,0.2708,0.6667,0.0,0.5968
GD1010177129838,1.5099,0.0,0.2667,0.0,0.5759
GD1010044154979,0.0,0.0,0.4286,0.0,0.6643
GD1010191262459,0.6854,0.2056,0.4444,0.0,0.6405
GD1010064814100,0.8889,0.0,0.3333,0.0,0.6122
GD1010163130497,2.0635,0.0,0.7333,0.0,0.4383
GD1010157031405,1.1236,0.0,0.5,0.0,0.5601
GD1010171680953,0.6536,0.0,0.5,0.1429,0.5763
GD1010179435809,0.6054,0.1009,0.5,0.0,0.6184
GD1010191433190,2.1452,0.165,0.7,0.0,0.4659
GD1010191403808,1.4151,0.0943,0.6429,0.0,0.5239
GD1010185795302,3.5587,0.0,0.8462,0.0,0.2961
GD1010138651818,0.0,0.0,0.6667,0.0,0.6167
GD1010162546158,1.083,0.0,0.1667,0.0,0.63
GD1010188253803,0.4854,0.0,0.4667,0.0,0.6178
GD1010046182752,1.5009,0.0,0.5714,0.0,0.5156
GD1010191394095,1.4768,0.0,0.375,0.0,0.5569
GD1010177144301,0.6452,0.0,0.6667,0.0,0.5651
GD1010145455747,2.0349,0.0,0.6667,0.0,0.4539
GD1010189357041,1.4068,0.0,0.7857,0.0,0.4803
GD1009824167887,4.7368,0.5263,0.5,0.0,0.3588
GD1010191460149,1.4286,0.0,0.6364,0.0,0.5084
GD1010170309080,1.9123,0.0,0.75,0.0,0.447
GD1010163858695,0.0,0.0,0.4444,0.3077,0.615
GD1010192168127,1.1628,0.0,0.5,0.0,0.557
GD1010155245483,2.0,0.1667,0.8333,0.0,0.4511
GD1010165361813,0.7429,0.1486,0.7857,0.0,0.5582
GD1010171626954,1.3021,0.0,0.5,0.0541,0.5377
GD1010166824121,1.2862,0.0,0.6,0.0,0.5271
GD1010131406796,2.3256,0.0,0.8,0.0,0.404
GD1010172769840,1.8182,0.0,0.5,0.0,0.5045
GD1010098692961,3.3175,0.0,0.75,0.0,0.3346
GD1010180968592,2.9455,0.0,0.5,0.2439,0.3778
GD1010192170753,3.0426,0.0,0.6667,0.0,0.3733
GD1010177381248,1.2802,0.1422,0.5556,0.0,0.5602
GD1010124847365,5.7522,0.0,0.75,0.0,0.2
GD1009081165420,4.4118,0.0,0.3333,0.0,0.3304
GD1010191090210,1.2876,0.0,0.6429,0.0,0.5184
GD1010176793854,2.6042,0.0,0.2,0.0,0.5017
GD1010177845047,0.8734,0.0,0.4167,0.0,0.5968
GD1010092514780,3.1746,0.0,0.7143,0.0,0.3532
GD1010183143102,1.0403,0.0,0.3571,0.0,0.5953
GD1010187332129,1.6187,0.1799,0.25,0.0,0.6005
GD1008904426852,1.9417,0.0,0.6667,0.0,0.4613
GD1009990231090,1.2232,0.3058,0.3333,0.0,0.6364
GD1009290074713,0.4505,0.0,0.25,0.0,0.664
GD1010173424874,0.3997,0.0799,0.3077,0.0,0.6698
GD1009991584703,3.1128,0.0,0.2857,0.0,0.4438
GD1010173548386,3.1469,0.0,0.6923,0.0,0.3598
GD1010145510744,1.006,0.0,0.5,0.0,0.5695
GD1010169754518,0.9195,0.2299,0.7,0.0,0.5748
GD1010088485715,2.551,0.5102,0.8,0.0,0.471
GD1010168537225,2.1611,0.0,0.6,0.0,0.4571
GD1010171259918,1.2658,0.0,0.6667,0.0,0.5154
GD1010180516679,2.4113,0.0,0.3529,0.0,0.4865
GD1010165886307,1.0294,0.1471,0.2,0.0,0.6522
GD1010160913356,2.1008,0.0,0.5,0.0,0.4819
GD1010189273529,1.5361,0.1536,0.4545,0.0,0.5618
GD1009853609992,11.5385,0.0,0.5,0.0,0.25
GD1010189054842,0.9615,0.0,0.1538,0.0,0.6423
GD1009784661520,1.7699,0.0,0.3333,0.0,0.5417
GD1009929896784,1.1091,0.0,0.5,0.0,0.5613
GD1010177364523,0.9879,0.2195,0.2727,0.0,0.653
GD1010159092106,1.4888,0.0,0.4167,0.0,0.5476
GD1010016354187,0.9274,0.0,0.3636,0.0,0.6031
GD1010134829461,0.9285,0.1857,0.5833,0.0,0.59
GD1010182468397,0.4666,0.0,0.2222,0.0,0.6682
GD1010182505963,1.6607,0.0,0.5833,0.0,0.5005
GD1010114556859,2.1956,0.0,0.3,0.0,0.5144
GD1010188136887,1.7028,0.0,0.3636,0.0984,0.5263
GD1010182525386,0.4505,0.4505,0.5,0.0,0.689
GD1010178998210,1.1385,0.3795,0.4286,0.0,0.6365
GD1010131002527,3.3557,0.0,0.7568,0.0,0.3302
GD1010179171211,0.0886,0.0,0.6364,0.0,0.6156
GD1010146971933,2.0148,0.0,0.1,0.0,0.5688
GD1010191296150,1.071,0.0,0.5,0.0,0.5643
GD1010189099027,0.6623,0.0,0.5714,0.0,0.5827
GD1010173316540,5.0725,0.0,0.6667,0.0,0.2167
GD1010189171534,0.6689,0.0,0.75,0.0,0.5465
GD1010191186781,1.0717,0.0,0.5556,0.0,0.5532
GD1010173957435,10.9589,0.0,0.6667,0.0,0.2167
GD1010188116999,0.9231,0.0,0.3333,0.0,0.6095
GD1010189350290,1.1204,0.0,0.875,0.1538,0.4623
GD1010182639034,3.3592,0.0,0.8333,0.1818,0.2873
GD1010191769086,0.2381,0.2381,0.6154,0.0,0.6476
GD1010162680850,3.5533,0.0,0.25,0.0,0.4157
GD1010168644136,3.7879,0.0,0.6667,0.0,0.3136
GD1010178353364,0.0,0.0,0.5,0.0,0.65
GD1010124523959,1.2987,0.0,0.6667,0.0,0.5128
GD1009899665701,1.2712,0.0,0.4,0.0,0.5683
GD1010109115360,2.1898,0.0,0.5714,0.0,0.4605
GD1010111853355,1.4679,0.0,0.5,0.0,0.5326
GD1009424315122,1.1312,0.0,0.4286,0.0938,0.5597
GD1010183281060,1.3889,0.0,0.2857,0.0,0.5817
GD1009902705379,0.2976,0.2976,0.25,0.0,0.7258
GD1010067533464,1.4778,0.0,0.5,0.0,0.5318
GD1010133055445,0.9542,0.0,0.3571,0.0,0.6022
GD1010096943779,1.7212,0.1721,0.1538,0.0,0.6102
GD1010179585603,0.2235,0.0,0.5,0.0,0.6321
GD1010168742829,0.4132,0.0,0.6,0.1714,0.5712
GD1010182639035,1.3514,0.3378,0.8235,0.0,0.5335
GD1010162751564,0.9032,0.0,0.5294,0.0,0.5719
GD1009744142076,5.6604,0.0,0.5,0.0,0.25
GD1010173423734,2.849,0.2849,0.0833,0.0,0.5529
GD1010171428739,1.9676,0.1157,0.4444,0.0,0.523
GD1009984897496,2.2989,0.0,0.6667,0.1818,0.4055
GD1010176853809,0.3802,0.0,0.375,0.0,0.6446
GD1010144164092,1.0088,0.1261,0.5,0.0,0.5903
GD1010187857318,0.4233,0.0,0.5,0.0,0.6161
GD1010016373072,1.083,0.1805,0.5417,0.0,0.5851
GD1010188477466,1.3917,0.1988,0.6,0.1053,0.536
GD1010173753625,1.9298,0.0,0.6154,0.0,0.4725
GD1007236225631,0.1783,0.3565,0.8462,0.0,0.6259
GD1010107636489,1.1511,0.1439,0.6,0.0,0.5619
GD1010137832135,6.1728,0.0,0.9,0.0,0.17
GD1010157650039,1.1527,0.0,0.4,0.0,0.5778
GD1010095632485,0.2833,0.0,0.1765,0.0,0.692
GD1010179540137,0.8565,0.2141,0.7222,0.0732,0.5617
GD1009625774601,8.7379,0.0,0.5,0.0,0.25
GD1010169438104,8.0,0.0,0.5,0.0,0.25
GD1010192035363,0.0,0.0,0.3333,0.0323,0.6785
GD1010133230663,1.3699,0.0,0.2143,0.0,0.5976
GD1010094668485,2.6667,0.0,0.6,0.0,0.4167
GD1010166514208,1.7615,0.0,0.4706,0.0,0.515
GD1010186636209,1.5355,0.0,0.4286,0.0,0.5414
GD1010103235569,0.7311,0.0,0.6316,0.0,0.5652
GD1010013748241,1.385,0.0,0.9,0.0,0.4592
GD1010162823114,1.5238,0.0,0.4,0.0,0.5481
GD1010176919070,1.0169,0.0,0.8889,0.0,0.4909
GD1010108338597,1.6895,0.0,0.4545,0.0,0.5239
GD1010165430457,1.4263,0.0,0.6,0.0,0.5159
GD1009976476644,2.0588,0.1471,0.1429,0.0,0.5812
GD1010157662677,1.8072,0.0,0.4615,0.0,0.5131
GD1010180872521,0.1063,0.0,0.1333,0.0,0.7148
GD1010191011480,2.6005,0.0,0.4375,0.0,0.4545
GD1009997310245,4.4843,0.0,0.7143,0.0,0.2484
GD1007838294703,0.5814,0.0,0.6,0.0,0.5835
GD1010156473509,3.0952,0.0,0.6667,0.0,0.369
GD1010180045139,2.1467,0.1789,0.5,0.0,0.5081
GD1007989727669,4.0816,0.0,0.75,0.0,0.2735
GD1010076340201,1.9878,0.0,0.6842,0.0,0.4541
GD1010158006345,0.6608,0.0,0.6667,0.0,0.5638
GD1010157996977,2.0513,0.0,0.2857,0.0,0.5288
GD1010165430450,0.9728,0.0,0.8182,0.0,0.5085
GD1010187883307,0.8475,0.0,0.75,0.0,0.5322
GD1010123451910,1.0819,0.0,0.3333,0.0,0.5968
GD1009841577651,0.0,0.0,0.5,0.0,0.65
GD1010160908910,0.419,0.2793,0.5455,0.0,0.6539
GD1010190228587,0.0,0.0,0.5,0.0,0.65
GD1010156995397,2.6316,0.3759,0.75,0.0,0.4521
GD1010031966085,2.5568,0.0,0.5714,0.0,0.4312
GD1010177137908,6.993,0.0,0.6667,0.0476,0.2095
GD1009422806620,1.6949,0.0,0.875,0.0,0.4394
GD1010177016034,0.8876,0.0,0.5,0.0,0.579
GD1010191342144,2.269,0.4862,0.625,0.1,0.5095
GD1009608093747,4.2857,0.0,0.6667,0.0,0.2738
GD1010175495103,1.6293,0.0,0.5,0.0,0.5197
GD1009780088072,3.8339,0.0,0.6667,0.0,0.31
GD1010089894937,2.5097,0.0,0.3333,0.0,0.4826
GD1009419758397,5.5749,0.0,0.6,0.0,0.23
GD1009850603142,0.2976,0.2976,0.25,0.0,0.7258
GD1010182591819,0.7897,0.3949,0.5714,0.0,0.6383
GD1010173324197,0.7921,0.0,0.381,0.0,0.6104
GD1010168592993,1.7544,0.2924,0.5714,0.0,0.5441
GD1010180469825,3.1496,0.0,0.5,0.0,0.398
GD1010037851557,1.0189,0.0,0.5,0.2121,0.5367
GD1010145455389,1.1434,0.0,0.1875,0.0,0.621
GD1010189075112,0.885,0.0,0.1538,0.0,0.6484
GD1009650393787,2.6667,0.3333,0.6,0.0,0.4722
GD1010165592502,0.5059,0.0,0.4545,0.0682,0.6084
GD1010182670988,0.6977,0.0,0.6667,0.0,0.5609
GD1009937947571,1.9841,0.0,0.5,0.0,0.4913
GD1010170594324,0.5666,0.0,0.75,0.0,0.5547
GD1010134770420,3.2258,0.0,0.5,0.0,0.3919
GD1010145573372,2.2705,0.0,0.5714,0.0,0.4541
GD1010169158690,0.4695,0.0,0.25,0.2083,0.6312
GD1010060611821,2.9536,0.0,0.8,0.0,0.3537
GD1010116911767,1.7762,0.0,0.5,0.0,0.5079
GD1010106334420,0.7273,0.0,0.2857,0.0,0.6347
GD1010098929209,1.107,0.0,0.8,0.0,0.5014
GD1010165142277,0.6604,0.0,0.7,0.0,0.5572
GD1010150029570,0.7952,0.0,0.3333,0.0,0.6197
GD1010177945481,3.6765,0.0,0.3333,0.0,0.3892
GD1010177897007,1.9663,0.0,0.25,0.0,0.5427
GD1009780147845,2.5157,0.0,0.25,0.0,0.4987
GD1010147194406,0.5706,0.0,0.6154,0.0263,0.5773
GD1010177201472,0.6452,0.0,0.75,0.0,0.5484
GD1010122964511,1.1062,0.2212,0.2727,0.0,0.6438
GD1010159244663,4.878,0.0,0.5,0.0,0.2598
GD1010191011463,2.1448,0.0,0.7143,0.0,0.4356
GD1010174581093,1.6181,0.0,0.375,0.0,0.5456
GD1010160942923,0.9524,0.1361,0.1875,0.0,0.659
GD1010109905399,3.6782,0.2299,0.3333,0.2162,0.395
GD1010088776550,0.1028,0.0,0.2963,0.0,0.6825
GD1010124356050,1.7915,0.0,0.625,0.0,0.4817
GD1010162576048,2.3952,0.0,0.5,0.0,0.4584
GD1010166833932,1.5474,0.0,0.4286,0.0,0.5405
GD1010179410869,2.1635,0.0,0.5,0.0,0.4769
GD1010164013179,0.9185,0.0,0.5,0.0,0.5765
GD1010187925283,0.9602,0.0,0.6,0.0,0.5532
GD1010143091478,0.7444,0.2481,0.5455,0.0,0.6227
GD1010063503283,0.731,0.0,0.6111,0.0,0.5693
GD1009829066350,2.1277,0.0,0.5,0.0588,0.471
GD1010047580920,1.9139,0.0,0.6,0.1781,0.4502
GD1010161782229,0.0,0.0,0.4,0.0,0.67
GD1010189061350,2.3913,0.0,0.6364,0.0,0.4314
GD1010189304990,1.1785,0.0,0.5385,0.0,0.548
GD1010191235180,1.0432,0.0,0.2727,0.0,0.612
IN9ba0651e1da28399,0.2532,0.0,0.2857,0.0,0.6726
INfc8ecce84a97819e,0.3175,0.0,0.7,0.0533,0.5766
IN13cefa7f54a51879,0.5894,0.0,0.2632,0.0,0.6502
IN4ad3e5e23d3dbbfa,1.1264,0.0,0.3636,0.0,0.5872
IN7637b26d5de240d2,0.0,0.0,0.4,0.0,0.67
INa5f370bda5950e67,0.2381,0.2381,0.6154,0.0,0.6476
INd4e448a508444d00,0.491,0.0,0.7273,0.0769,0.5537
IN00ead7dfddcee653,0.1912,0.1912,0.6429,0.0,0.638
INd117c36fb4d137dc,0.6441,0.0,0.7273,0.0741,0.5419
IN9e89e9d33016eadd,3.7975,0.0,0.25,0.0,0.3962
IN5f9a403f68c7cdab,0.4862,0.0,0.7273,0.0741,0.5545
IN28debd94ab84a875,0.2114,0.0,0.2941,0.0,0.6743
IN039a6dc0e47a17a2,0.4614,0.0,0.2,0.0208,0.67
IN48124587e6de9d4f,0.491,0.0,0.7273,0.0769,0.5537
INe18464d99c551b3e,0.4545,0.4545,0.2727,0.0,0.7348
IN1de4d9c3df1455b0,2.0666,0.0,0.8235,0.0,0.42
INf803c468615df09e,0.7839,0.3359,0.6471,0.0,0.6139
IN26561a1bcc295c35,1.8648,0.0,0.6,0.0789,0.469
IN1f5d5bb42f9c137b,0.3778,0.0,0.5556,0.0,0.6087
IN3455a34df59250d2,2.269,0.4862,0.625,0.1,0.5095
IN617ee08dda2e2306,0.311,0.0,0.5556,0.0,0.614
IN476c49c9aec8ea53,0.6468,0.1294,0.1905,0.1154,0.6644
INc61153437b14136c,1.0934,0.0,0.4286,0.0,0.5768
INdcb658f9cc0f68fd,0.9847,0.0,0.375,0.0244,0.5926
IN17db03ac5435df02,0.0,0.0,0.2222,0.0,0.7056
IN8913ba9dedf9a1fa,0.8696,0.1739,0.5714,0.1277,0.576
INd9a208ebe41885ab,1.4815,0.0,0.5556,0.0,0.5204
IN1086eae35ed3344e,0.8589,0.2454,0.5,0.0,0.6222
INbb71cf82011339a8,1.9565,0.1087,0.75,0.0,0.4616
INc3a36b5f11a06dba,3.0426,0.0,0.6667,0.0,0.3733
IN9ee8b2cb023a8780,1.3221,0.0,0.5556,0.0,0.5331
IN383eb6f2e9de3eb4,0.2857,0.0952,0.5,0.0,0.643
INa665c04c7ad13852,0.3759,0.0,0.5294,0.0,0.614
IN45af8ba21046d880,0.0,0.0,0.5,0.0,0.65
IN67d202c0ff71166a,0.0,0.0,0.25,0.0,0.7
IN6c17f735405b1ac1,0.0,0.0,0.25,0.0,0.7
INe3b1b2e55b6ce2a4,0.0,0.0,0.3333,0.0,0.6833
IN8278b5ec071b0edb,0.6289,0.1258,0.4444,0.0,0.6318
IN058073ff46ebd027,0.5674,0.0,0.5385,0.0,0.5969
INfc8ad817c2ef9c16,4.1667,0.0,0.1667,0.0,0.3833
IN3b91b9d81efb13ea,0.8772,0.0,0.6667,0.0,0.5465
IN3363267a476e63f3,5.1948,0.0,0.5714,0.0,0.2357
IN39a549013f3cac40,0.8547,0.1709,0.5556,0.0,0.599
IN34f731222f67ba55,0.7617,0.0,0.1875,0.0,0.6516
INd40f2afbe8e86c41,2.0468,0.0,0.25,0.0,0.5363
IN512f9933113e10a6,2.5565,0.0,0.7,0.0,0.4055
IN23aa00f25d1c9a40,0.274,0.274,0.4444,0.0,0.6849
INbf2017f73c044e33,0.1736,0.0,0.4,0.0,0.6561
IN579a7b2498039d3e,0.1366,0.0,0.2353,0.0,0.692
IN9c167554094819ce,0.0,0.0,0.7692,0.0462,0.5892
IN8b993c13de8f43c9,0.3185,0.2123,0.4375,0.0137,0.6704
IN8775263cbe345bd3,0.0,0.0,0.5,0.0,0.65
IN59f56a68872a2b7f,2.7473,0.0,0.6,0.0,0.4102
IN77cd5c62b552485a,1.8391,0.0,0.6471,0.0,0.4735
INceb2ea1aaff1043d,0.1361,0.0,0.2353,0.0,0.6921
INcdf7f3f77bef18b9,0.0,0.0,0.3333,0.0323,0.6785
INb4b90c917722be15,0.6724,0.0,0.35,0.0,0.6262
IN3fc5b5ba323d6420,0.135,0.0,0.6364,0.0,0.6119
INca2ac45bc1debfc8,1.071,0.0,0.5,0.0,0.5643
IN67a072926c76be3d,0.2404,0.0,0.0769,0.0,0.7154
INbf82010f1d89aa1a,0.243,0.0,0.0769,0.0,0.7152
IN3bc38f6fd309d4d6,0.0,0.0,0.2667,0.0,0.6967
INa6238eaf80a4aed0,0.0,0.2066,0.375,0.0,0.7094
INce2438fb4e17d89c,0.495,0.495,0.6667,0.0,0.6596
INeb1095f4d42d82ca,0.135,0.0,0.6364,0.0,0.6119
IN12ec9a1a730f7ba3,2.0305,0.2538,0.4,0.0,0.5499
IN4f2fccf4742c62aa,3.0457,0.0,0.8667,0.0,0.333
INd4fec24dfdfb51b0,0.5284,0.2642,0.2727,0.0,0.6972
IN313d781ff3099db7,1.0924,0.0,0.4286,0.0,0.5769
IN959bd1f1f030574b,2.0859,0.2454,0.5455,0.0,0.5149
IN72ac6247bd29283d,1.6058,0.0,0.5714,0.0,0.5072
INc1a9227dc3912d0d,0.2179,0.0,0.4444,0.0,0.6437
IN8a240ca49467553e,1.5576,0.0,0.5714,0.0,0.5111
INbf16a0175b59901e,2.8846,0.0,0.5,0.0357,0.4139
IN9707b094a0ee0fd7,0.0,0.0,0.1111,0.0,0.7278
IN267d38c1ffc8249b,0.0,0.2041,0.5714,0.0,0.6697
IN59516236d84738ce,3.4091,0.1136,0.5,0.0244,0.3926
IN7242e738107208be,1.1527,0.0,0.4286,0.1111,0.5554
INe7971a3895d20f59,0.156,0.468,0.7,0.1053,0.6597
IN34cc1939b474bcbd,0.8186,0.0,0.1818,0.0,0.6482
IN4ba6c531e6c76827,3.4247,0.1142,0.5,0.0244,0.3914
IN17f62df9d15c1096,1.4286,0.0,0.6364,0.0,0.5084
IN009036222b9ea0dc,0.6645,0.0,0.75,0.0,0.5468
IN59a5a86d90c89afc,0.0,0.4608,0.1111,0.0,0.8046
IN65592ef506242b9e,0.4988,0.2494,0.25,0.0,0.7017
IN3f79d3b167cd9372,1.0956,0.0,0.4286,0.0,0.5766
IN9635f381c6c35296,0.3683,0.0,0.2,0.0,0.6805
IN995c392115f8af5f,1.4768,0.0,0.375,0.0,0.5569
IN7940a659718fec2a,0.3191,0.0,0.35,0.0,0.6545
INc709043b9856e067,1.6224,0.1475,0.75,0.0,0.4948
INce69de7c5f497661,0.235,0.1175,0.5,0.0,0.6508
INd2a4e02c43bbce2d,0.3021,0.0,0.6,0.0,0.6058
INeec401c4d0b1c114,0.0,0.0,0.7692,0.0462,0.5892
IN46a67d8ba31700ab,0.5329,0.0888,0.25,0.0,0.6722
IN0e28b13ba0805747,1.912,0.0,0.4,0.0,0.517
IN64d3d7bd980c29b8,0.4511,0.0,0.3333,0.0,0.6472
IN1bfb516a318cfab5,3.0822,0.0,0.7143,0.0,0.3606
IN25f651b28d5006c1,8.4034,0.0,0.8667,0.0,0.1767
INfbd879cbc1ef994a,0.8264,0.0,0.4,0.0,0.6039
IN38d0b1bb5c043d18,3.937,0.1969,0.6667,0.0,0.3345
INc575cfe250eca408,4.2135,0.2809,0.5,0.0,0.3597
INc3b63a12ada2bb5f,3.0151,0.5025,0.6364,0.0,0.4653
IN999554ea94efafa3,0.7886,0.0789,0.3704,0.0,0.626
IN12efa06f2ef9a9ea,1.6129,0.0,0.1429,0.0,0.5924
IN0a3e98fff56fe0ed,10.9827,0.0,0.6667,0.0,0.2167
IN1d58bb3e3b679b62,1.9983,0.0833,0.3478,0.0,0.5344
IN1dc33458dae4245e,6.383,0.0,0.6667,0.0,0.2167
IN853e66266acf564b,0.8365,0.076,0.5172,0.0,0.5923
IN8ad145a02814ff17,8.1761,0.3145,0.9,0.0,0.2224
IN3ed30281d0bf9e2a,6.3655,0.0,0.5714,0.0,0.2357
IN0ef502075c452522,5.4131,0.2849,0.875,0.0,0.2225
IN86a00b332f4109cd,6.5306,0.4082,0.75,0.0,0.268
INe7fe212f53a40edc,1.8256,0.2028,0.6875,0.0,0.5003
INb0cb40a4cbc75437,0.4065,0.271,0.75,0.0,0.6126
IN8ecf1edb7c03a122,1.374,0.1527,0.4286,0.0,0.5798
INc9da8f0526bdebec,6.0386,0.0,0.9,0.0,0.17
INb3218cea7449cd76,1.5625,0.0,0.7273,0.0,0.4795
IN66d86a919c3a9f75,0.0,0.0,0.6667,0.0,0.6167
INbb55aa7ad2d4fbcd,7.4713,0.0,0.8,0.0,0.19
IN8a1c89d40a7e9f21,2.5455,0.0,0.9375,0.0,0.3589
INce22d0e18ac767bd,1.4528,0.0,0.8,0.0,0.4738
IN1cbe4fa80e1370bf,0.1117,0.1117,0.7143,0.0,0.6168
IN89319c53f3c25e4b,0.4728,0.0,0.5,0.0952,0.5979
IN83b1ad9749c2564f,3.9171,0.2304,0.7778,0.0,0.3195
IN30baee4bf6f7a980,7.1101,0.0,0.7368,0.0,0.2026
INa2877532341d3a94,1.0101,0.0,0.5,0.0,0.5692
IN1d94ca2414cb0b50,0.2976,0.0,0.6667,0.0,0.5929
IN9010d6f2dda92f09,0.0,0.0,0.5,0.0,0.65
IN4b54b66ee1a9eb2f,0.6826,0.0,0.75,0.0,0.5454
IN7a4219876fbfa244,1.7296,0.0,0.6842,0.0,0.4748
IN0411d4561b4da6d7,0.0,0.0,0.5,0.0,0.65
IN4251fb9f02491d77,0.4032,0.0,0.4286,0.0,0.632
INed0e4f8220a8aaa1,1.2755,0.0,0.7778,0.0,0.4924
INba480214d0a7ebdf,0.2137,0.0712,0.875,0.0,0.5698
INf450da96b8f818c3,0.1071,0.1071,0.8462,0.0,0.59
INfc214cf2311fc71d,1.5337,0.0,0.5714,0.0,0.513
IN81e14a98daf55049,1.1152,0.1859,0.8947,0.0,0.5128
IN5ae6804cbee34a03,0.18,0.18,0.7857,0.0,0.6085
IN3a82ebeab2b393bc,0.5391,0.2695,0.75,0.0,0.6018
IN080a501e636e5057,0.0,0.0,0.7857,0.0,0.5929
INc95aa76c832a6051,8.8785,0.0,0.9231,0.0,0.1654
IN5547edfb9307fc7b,0.4405,0.1101,0.5833,0.0,0.6164
IN0f7e86f02bed3f17,0.0,0.0,0.75,0.0,0.6
IN2739289005f42dc0,0.3401,0.0,0.125,0.0,0.6978
IN3c656c218b571043,0.0,0.0,0.5,0.0,0.65
IN90e487baefa223eb,1.6043,0.1337,0.2381,0.0,0.5963
INef3b6cbb42f76583,0.4554,0.4554,0.4167,0.0,0.7061
INaad77cda2d62642a,2.5455,0.7273,0.75,0.0,0.5176
IN13396b5c08f1e021,4.7847,0.4785,0.6667,0.0,0.3136
IN63743131dcf8d453,4.5283,0.0,0.2857,0.0,0.3306
IN1d8ba09f46d2a1c2,1.6129,0.0,0.25,0.0,0.571
IN436ffa3d052f8a56,2.1277,0.0,0.3333,0.0,0.5131
IN0129808ac8dfbdef,0.6873,0.3436,0.125,0.0,0.7273
INaddc1954fc37fe37,0.7059,0.7059,0.5714,0.0,0.6969
IN322a59787323cbb5,1.3258,0.0,0.6154,0.0,0.5209
INce3e4967fe124e0e,2.2727,0.0,0.8571,0.0,0.3968
IN750aca7bf2a08b7b,3.5533,0.0,0.5,0.0,0.3657
IN147116e3cbf2a8aa,1.3208,0.0,0.6154,0.0,0.5213
IN751ca6fba8a4ba65,3.9648,0.0,0.875,0.0,0.2578
INe2d33e0333a49eae,0.0,0.8264,0.8462,0.0,0.7185
IN2a67486190a0ba79,1.7405,0.0,0.8276,0.0615,0.436
INe22e559335097693,1.7699,0.0,0.1667,0.0,0.5751
IN3c0a99d61d5e053f,0.0,0.0,0.7857,0.0,0.5929
INfff93ef9222db168,3.4483,0.0,0.6667,0.3188,0.293
INdf7eb5ae43d41609,6.5934,0.0,0.5,0.4118,0.1882
IN9def46ee02e227ef,4.1667,0.0,0.7273,0.0,0.2712
IN020038210ae0debd,3.8627,0.0,0.875,0.0,0.266
IN4404b4ff5c92439e,1.9685,0.0,0.5,0.0,0.4925
IN67e77cf29c96e680,9.7179,0.0,0.7647,0.0,0.1971
IN4682ba122a5de509,1.2182,0.0,0.6522,0.0,0.5221
INc67bae08c397a93f,0.5415,0.0,0.6154,0.0,0.5836
INedb9defdf4e6b0e1,3.5714,0.0,0.5,0.0,0.3643
INc18990b8c4b13bf6,1.3699,0.0,0.3333,0.0,0.5737
IN06bc7797cc549242,0.0,0.0,0.1667,0.0,0.7167
INd59a27fc08a9d27b,1.4493,0.0,0.3333,0.0,0.5674
IN1f54cf5029e3cd71,1.1338,0.0,0.625,0.0,0.5343
IN5d7407d8eedd3ba2,8.7629,0.0,0.75,0.0,0.2
IN78d3d06a8375ee4d,1.1412,0.0,0.4545,0.0,0.5678
IN6f343cd1cef247ea,6.7532,0.0,0.7,0.0,0.21
INb4e4f7b68a175a47,3.163,0.0,0.9091,0.0,0.3151
IN6b15ee67c52d3704,0.813,0.0,0.6,0.0217,0.5617
IN41026b305642368a,2.3256,0.0,0.5,0.0,0.464
IN8f8fef620da0376a,0.0,0.0,0.6667,0.0,0.6167
INc7b24c24ae65bb01,1.3812,0.0,0.9,0.0,0.4595
IN3c319b704cd0853e,1.0972,0.0,0.4091,0.0,0.5804
IN739b608998207f35,2.0173,0.2882,0.5556,0.0,0.5255
IN9094d372e77d63b2,0.9756,0.0,0.6,0.0217,0.5487
INf73693fc7462a85f,8.0808,0.0,0.9091,0.0,0.1682
IN787948117ea14de6,2.0737,0.0,0.75,0.1897,0.4057
IN3e46dda2871ec4ff,1.3183,0.0,0.6,0.0,0.5245
INb30bbade66206ba5,3.5714,0.0,0.8,0.0,0.3043
IN477c0be86889b065,3.5336,0.0,0.7692,0.0,0.3135
IN8efe222272d54007,0.8621,0.2874,0.5,0.0,0.6289
IN4c214b8cfcfe6f69,1.1628,0.0,0.5,0.0,0.557
INde3c99e8a0513686,5.8824,0.0,0.7273,0.0,0.2045
IN54b502536abaea33,5.6604,0.0,0.7368,0.0,0.2026
IN1dc5405a9ac1fd86,2.5145,0.0,0.6667,0.0,0.4155
INea12d84a1169717c,0.9868,0.3289,0.2857,0.0,0.6687
IN5547a181ad2d3b9f,0.8104,0.0,0.6,0.0217,0.5619
IN3455cf437da2438c,1.2739,0.0,0.5294,0.0,0.5422
IN7238b6e752d8f493,0.9119,0.304,0.4,0.0,0.6477
INe4b91bca2d1c7481,0.9756,0.0,0.6,0.0217,0.5487
IN16c0e2b616794219,6.0748,0.0,0.625,0.0,0.225
INb407c4d60c77691e,0.0,0.3195,0.5714,0.0,0.689
IN9f6d4f62be7bdbe5,0.9608,0.0801,0.5714,0.0,0.5722
INea34c8c9f8aac4f8,0.458,0.3053,0.6364,0.0,0.637
IN28d6be80240ed20c,0.9585,0.0,0.5455,0.0217,0.561
IN7f8997bf67ee742e,0.6349,0.0,0.6667,0.0,0.5659
IN4d50c35ca5b1f60b,0.3003,0.0,0.4286,0.0,0.6403
INd87b06f684eb7519,1.0453,0.0871,0.3333,0.0,0.6142
IN44d3b722ec023c0c,0.9934,0.3311,0.375,0.0,0.6507
IN8685abfbc37204e2,5.4446,0.0,0.6333,0.0,0.2233
INcd804e3cfa3012aa,1.2461,0.3115,0.4286,0.0,0.6165
INdf5264333452ba7d,0.974,0.0,0.6,0.0217,0.5488
INc85b48921e722bfc,0.3906,0.1302,0.9048,0.0,0.5595
INa32142bb4cb5ad46,5.5556,0.2137,0.95,0.0,0.1956
INb0f08a1c8fd35044,0.885,0.59,0.5,0.0,0.6775
IN5f63a44500f281bf,7.2973,0.0,0.6,0.0,0.23
IN2f8362767c75c591,2.6168,0.0,0.625,0.0,0.4157
INd366d1671ac8529c,0.9724,0.0,0.6,0.0217,0.5489
IN02e672cf3d0a171b,0.0,0.0,0.4,0.0,0.67
IN60908bd1938a5237,4.6154,0.0,0.8667,0.0,0.2074
IN0b574a29733572f3,0.9434,0.3145,0.5,0.0,0.6269
INda49d83a52578bc8,2.005,0.0835,0.3043,0.0,0.5427
IN0d2ea7b53c9df652,2.0185,0.0841,0.4,0.0,0.5225
IN07eb078164ca77b9,0.0,0.0,0.5556,0.0,0.6389
IN4583d0fc1ff902f7,1.1204,0.0934,0.5,0.0,0.5759
INb811b7f2bb56abee,2.6596,0.0,0.6923,0.0952,0.3845
IN3d9fe0b175d764da,1.676,0.0,0.4545,0.0,0.525
IN13444885136a11ec,0.8451,0.2817,0.6,0.0,0.6093
INafbf63b932cbd00e,2.5952,0.0,0.75,0.0,0.3924
IN2b27efbbeb375bb9,0.8969,0.0,0.9231,0.0,0.4936
IN55dd6c32887796f5,1.676,0.0,0.4545,0.0,0.525
IN8d9d568c13b8095d,1.8667,0.0,0.3333,0.0,0.534
IN8849e1ee85bfb70f,1.7673,0.0,0.3846,0.0,0.5317
IN5ad466bc7178bf2a,0.7767,0.0,0.5,0.0,0.5879
INab232e8b7267c09e,0.6572,0.0,0.5,0.0,0.5974
INd48d93df451b0864,0.7426,0.0,0.8696,0.0,0.5167
IN6fd2bbe676dec936,0.365,0.365,0.2222,0.0,0.7372
IN8490dafc143b3dc8,2.3077,0.0,0.7778,0.0,0.4098
IN39c58604d7df0b4e,0.0,0.0,0.4,0.0,0.67
INc556322ff4825b9f,0.9375,0.0,0.6667,0.0,0.5417
IN8045d5633b51edea,0.9785,0.0,0.75,0.0,0.5217
INf32638688cb255f1,0.6849,0.0,0.5,0.0,0.5952
INe7a6e26fcce768ee,3.0441,0.1522,0.4667,0.0,0.4385
INbf5afe5be04e65ca,1.7518,0.0,0.3846,0.0,0.5329
IN86bff9ebf04a5ecc,3.4483,0.0,0.2222,0.0,0.4297
IN1f0fed71bbc11c09,0.7767,0.0,0.5,0.0,0.5879
IN4c7722d917763dbc,0.1597,0.0,0.2,0.0,0.6972
INb2cc1d4688f0400d,0.6116,0.0,0.8889,0.0,0.5233
IN4c3525a535063387,2.9211,0.1947,0.6818,0.0,0.4124
INb3145cce6e082700,1.2232,0.3058,0.5,0.0,0.6031
IN05a60b48f3ebc6d2,0.5362,0.2681,0.75,0.0,0.6018
IN46a1f31a8df56261,0.5155,0.2577,0.4286,0.0,0.666
INaf6a6a0e88403812,1.9694,0.0,0.6818,0.0,0.4561
IN8c592b3e25bb13a2,1.4403,0.2058,0.6,0.0,0.5491
IN16bdd4b2af7212d4,0.0,0.314,0.8571,0.0,0.6309
INafe9b160541b853f,0.0,0.0,0.6,0.0,0.63
INe0d54c4c8c4b98cf,0.0,0.0,0.4,0.0,0.67
IN500064ca1c6a65ad,1.414,0.0,0.4286,0.0,0.5512
IN1588293734a09e70,0.9346,0.0,0.3333,0.0,0.6086
INc7485aa80dc5ef90,0.7722,0.0,0.5,0.0,0.5882
IN4db7f70340874bed,0.5284,0.2642,0.2727,0.0,0.6972
IN73f1e64c40e2d46b,1.2876,0.0,0.6429,0.0,0.5184
IN0d14105700d759f6,2.8777,0.0,0.4,0.0,0.4398
IN30ebfabe5f3eb462,0.0,0.0,0.8,0.0882,0.5768
IN444b4a516ffd2cb3,0.2639,0.0,0.6,0.0,0.6089
INffb4528256198559,0.2639,0.0,0.6,0.0,0.6089
IN50527fa8fbeed482,0.1724,0.0,0.8333,0.0984,0.5548
IN3aef57c56cfe2544,0.1399,0.0,0.8,0.0882,0.5656
IN3d65dfa9f87e49c2,0.2639,0.0,0.6,0.0,0.6089
IN012c414c5b08949a,0.1399,0.0,0.8,0.0882,0.5656
INf3c7b7b0a18f8e8e,0.2639,0.0,0.6,0.0,0.6089
IN6e7066c5041bf2c2,0.2639,0.0,0.6,0.0,0.6089
INab0a13457aadfc58,0.2639,0.0,0.6,0.0,0.6089
IN317e6c243e308eca,3.8549,0.0,0.5,0.0,0.3416
INdfb1f84ea208ffbb,0.2994,0.0,0.5455,0.0,0.617
IN76418206d0521e17,0.7874,0.2625,0.3333,0.0,0.6641
INbc6bb06aa7e985d1,0.2639,0.0,0.6,0.0,0.6089
IN08886d0274f40053,0.0,0.0,0.6667,0.0,0.6167
INe32fbdabc29b72d2,0.2639,0.0,0.6,0.0,0.6089
IN8b7c0e39b293e032,0.0,0.0,0.6,0.0,0.63
INf10af6fbb6446dd9,0.2639,0.0,0.6,0.0,0.6089
INf3aab858e061015a,1.2821,0.7692,0.8667,0.0,0.6023
IN2f93537bee3d1bf7,3.8549,0.0,0.5,0.0,0.3416
INb748df989b84129a,1.0953,0.1095,0.625,0.0,0.5556
INa2808657a975652e,0.2639,0.0,0.6,0.0,0.6089
INf59fff4ed587f8db,0.2994,0.0,0.5455,0.0,0.617
IN05837d0380d9f6f9,0.2639,0.0,0.6,0.0,0.6089
INc9f0d91d5de0012e,1.9231,0.3205,0.8,0.0,0.4896
IN01ec4c9a828a6d71,7.2973,0.0,0.6,0.0,0.23
IN2adc5f8ff2a50736,0.0,0.0,0.6,0.0,0.63
IN9931f04e2478ae8f,0.303,0.0,0.25,0.0,0.6758
IN798d346e90fe1996,0.1397,0.0,0.8,0.0882,0.5656
IN5d96e0815f97e1c0,0.0,0.0,0.8,0.0882,0.5768
IN5ec0f593786dace2,3.8549,0.0,0.5,0.0,0.3416
IN9dc9905fc5a827d7,1.1583,0.0,0.6,0.1429,0.5159
INc11ace8cd10bc2e4,0.0,0.0,0.8,0.0882,0.5768
IN7ab801dd4ca73bb2,0.0,0.0,0.8,0.0882,0.5768
IN30b405aa30377ae2,2.924,0.0,0.5,0.0,0.4161
IN480f5a92c04945be,0.8621,0.2874,0.5,0.0,0.6289
IN2b4dd15210824395,1.0204,0.0,0.6667,0.0,0.535
IN56543048662638df,0.1399,0.0,0.8,0.0882,0.5656
IN80438b6e875dd9a5,0.0,0.0,0.5385,0.0,0.6423
INd479b51729e4a167,0.0,0.0,0.75,0.0,0.6
INf6f63c1f582abc18,0.1399,0.0,0.8,0.0882,0.5656
IN0ed8690145e7480f,0.0,0.0,0.8,0.0882,0.5768
IN1ac1116807bf0764,1.9469,0.0,0.8421,0.0,0.4258
IN589f14869bea69b2,0.0,0.0,0.8,0.0882,0.5768
IN6ae1c7f57cc282bf,0.0,0.0,0.75,0.0,0.6
IN3878690754756fbf,0.0,0.0,0.25,0.0,0.7
INb55b44bf03f0fd21,0.9934,0.3311,0.375,0.0,0.6507
IN49f7947b694d1637,0.0,0.0,0.75,0.0,0.6
INdb36f2cad05951b2,3.0534,0.0,0.6364,0.0526,0.3706
INa03f84aa1f8b0004,0.0,0.0,0.25,0.0,0.7
IN78e2195ca83500ba,0.2646,0.0,0.6,0.0,0.6088
IN8ba4600c6b69da7d,0.0,0.3472,0.3333,0.0,0.7412
IN2e0d2bd047e6f37c,0.0,0.0,0.6,0.0,0.63
INd2bc1fedfbaa639c,0.0,0.0,0.6,0.0,0.63
INa5cebf0bf1123243,0.7114,0.1016,0.6316,0.0,0.5837
IN01fcef9a6ee2cdc4,0.0,0.0,0.5833,0.0417,0.6271
IN520045a8fd4412dd,2.2727,0.0,0.7273,0.0,0.4227
INa427403f8230f5ae,1.4245,0.2849,0.5,0.0,0.5835
IN51a6e813ae8c6f26,0.2646,0.0,0.6,0.0,0.6088
IN94f2fa8a79e6179e,2.3551,0.0,0.6,0.0,0.4416
IN83215b471111162f,3.4722,0.0,0.6667,0.0,0.3389
IN331c17c0d9241bde,0.2639,0.0,0.6,0.0,0.6089
IN776c6e2eea94f179,0.303,0.0,0.25,0.0,0.6758
INb3379406f1530370,0.9569,0.4785,0.875,0.0,0.5782
IN882e0963fa816444,0.0,0.0,0.8,0.0882,0.5768
INe29268f0592bf5ae,0.1397,0.0,0.8,0.0882,0.5656
IN2f82f0b8af357966,0.2994,0.0,0.5455,0.0,0.617
IN7c9d32ea6bb8413a,3.3419,0.0,0.8462,0.0,0.3134
IN871607e6e89d3dac,0.2941,0.0,0.3333,0.0,0.6598
IN611ace81c5b73235,0.2639,0.0,0.6,0.0,0.6089
IN19fefe40593337b9,0.8621,0.2874,0.5,0.0,0.6289
IN276bfbae2fcb131e,0.0,0.0,0.8,0.0882,0.5768
IN86269910021dc05f,0.0,0.0,0.8,0.0882,0.5768
INdd0d0acd6864056d,0.9202,0.3067,0.5556,0.0,0.6164
IN4a221a54e0840b84,0.2639,0.0,0.6,0.0,0.6089
IN4961fafe7382b267,0.0,0.0,0.6,0.0,0.63
INb3bed2a902526ce7,0.0,0.0,0.4444,0.0,0.6611
INa18036372c92e282,0.0,0.0,0.8,0.0882,0.5768
IN31f164e92a5469dd,0.2646,0.0,0.6,0.0,0.6088
IN2944ebb5e20e0657,0.2646,0.0,0.6,0.0,0.6088
INa672bb5e458710a6,0.0,0.0,0.6,0.0,0.63
IN4d5ff332d567059b,0.0,0.0,0.5,0.0,0.65
INb582b212c3185cfb,0.0,0.0,0.8,0.0882,0.5768
IN9d3df680bbf2ae45,0.1397,0.0,0.8,0.0882,0.5656
INbc593c1d7ee77977,0.2639,0.0,0.6,0.0,0.6089
INabc04f214a964bc6,3.0534,0.0,0.6364,0.0526,0.3706
IN55e995e7a37a01f9,0.0,0.0,0.8,0.0882,0.5768
IN3c154f9d1d4c2749,1.1662,0.2915,0.4,0.0,0.6253
IN11fa76323bb12da5,0.0,0.0,0.6364,0.0,0.6227
INe5a4611aea8d0863,0.2639,0.0,0.6,0.0,0.6089
IN2eaa05aad36058a7,3.8549,0.0,0.5,0.0,0.3416
IN2594b82b61dd0b4e,0.0,0.3135,0.5556,0.0,0.6911
IN2243324ab0db257c,0.2632,0.0,0.6,0.0,0.6089
IN1e70a729410ec7e3,0.2639,0.0,0.6,0.0,0.6089
INcf130d059da84a2d,0.2639,0.0,0.6,0.0,0.6089
IN9f96abbfd9781361,0.0,0.0,0.8,0.0882,0.5768
IN65cc4988d02d5e36,3.8549,0.0,0.5,0.0,0.3416
INfb7cc312808554cf,0.2639,0.0,0.6,0.0,0.6089
IN9b74357160dd55ed,1.9737,0.0,0.5,0.0,0.4921
IN1273b13cb1aff64f,8.5034,0.0,0.9,0.0,0.17
IN03aba5d087e4f6ef,1.9646,0.1965,0.5,0.0,0.5256
INdbfb6ff30ce210d0,0.6085,0.0,0.4,0.0,0.6213
INbaf0bdd92616647c,0.0,0.0,0.2727,0.0,0.6955
IN5b6427feb468ef21,0.6854,0.2056,0.4444,0.0,0.6405
IN29f15b347aba2174,1.2146,0.0,0.3333,0.0,0.5862
IN10067b1611e027bb,0.3654,0.1218,0.5714,0.0,0.6268
IN6aefe04a5bc20461,2.2646,0.0,0.8667,0.0,0.3955
INbf969cda1af8c69f,2.4328,0.0,0.7692,0.0,0.4015
IN0e12b4c7c0eee684,1.049,0.1748,0.3333,0.0,0.6286
INb60dcbbb6b4b50bb,1.0811,0.1351,0.4286,0.0,0.6003
IN769d548d1a4dd8cf,1.7268,0.0,0.6667,0.0,0.4785
INd68dcf82925b0721,1.676,0.0,0.9231,0.0,0.4313
IN5b765bb5dc44602e,1.0246,0.0,0.6667,0.0,0.5347
IN496944332ff299e1,1.3038,0.0,0.7143,0.0,0.5028
INc22b7dbc22beb058,6.4356,0.0,0.8333,0.1905,0.1548
IN7de3b0004c64e0e6,1.8498,0.0,0.7,0.0,0.462
IN836a16f6bf280e0e,0.6547,0.3273,0.6667,0.0,0.6188
IN56f506e8cf181788,0.0,0.2924,0.4706,0.0,0.7046
IN658d5e15006657ae,1.8111,0.1294,0.6316,0.0,0.5004
INcd29922d87d7702f,3.6364,0.0,0.6667,0.0,0.3258
IN54b3220b0635cd64,0.0,0.0,0.75,0.3636,0.5455
INd001e2c802cd69d9,0.7802,0.3901,0.76,0.0,0.6006
IN026e67a992dd6367,0.271,0.0,0.6667,0.0,0.595
INccd49afb1f8db804,2.5974,0.0,0.0833,0.0833,0.513
IN379d5f47fa158ca6,2.0,0.0,0.6364,0.0,0.4627
IN2e5d8599e2d3d5a9,6.1674,0.0,0.7,0.0,0.21
IN4f9bb379d105ac09,1.2146,0.0,0.7273,0.0,0.5074
IN75283144f19211d6,1.5933,0.0937,0.75,0.0,0.4882
IN0438e07cfdbdc358,1.8519,0.0,0.25,0.3333,0.5019
IN1f1f56a7b7bbf438,0.8444,0.1206,0.6667,0.0417,0.563
IN3cd559eac9f62f08,2.6515,0.0,0.75,0.1667,0.3629
IN7d687724bfbe56f8,20.0,0.0,0.5,0.0,0.25
INb2ed215983f81ed8,1.8466,0.0,0.8,0.1176,0.4246
INbd11c98d8278b47b,2.9106,0.0,0.4545,0.1176,0.4086
IN5363198879b7b540,11.236,0.0,0.75,0.0,0.2
IN8e1e793e7cac614e,3.1401,0.2415,0.7273,0.0,0.3936
INd7d5c202797f2de8,2.9688,0.4688,0.7143,0.0,0.4478
IN27f44d4993ace511,1.6779,0.0,0.6667,0.0,0.4824
INc77fdd1f308138b2,3.1847,0.0,0.8,0.0,0.3352
INf1dac3874f931382,5.7377,0.0,0.75,0.0,0.2
INee30ae8563d80185,5.5738,0.0,0.75,0.0,0.2
IN38c6ed913cc338c3,0.8174,0.2725,0.3636,0.0,0.6573
IN98cf3f1e3628ea9e,2.5641,0.0,0.5,0.0,0.4449
INd72f224aca79bc7f,0.7299,0.0,0.5,0.0444,0.5849
IN29cb22c1e07fa387,0.182,0.091,0.4286,0.0,0.6649
IN1915400f6eb36882,2.2026,0.0,0.2,0.0,0.5338
INdbcfd4d23435bce0,0.0,0.0,0.0909,0.0,0.7318
IN787db7697e2463ac,0.0,0.0,0.8889,0.0,0.5722
IN7c61ba4bd2f2ff39,0.1916,0.0,0.1429,0.0,0.7061
IN4784eeab985b7bde,0.7313,0.0,0.8333,0.0,0.5248
IN98377cf84e72e901,0.7082,0.0,0.375,0.0345,0.6132
IN08cec990377546ca,0.0,0.3342,0.2,0.0,0.7657
IN780dacd16784a8ba,2.6936,0.3367,0.9091,0.0,0.4088
IN29e26b147aac8748,1.4706,0.1838,0.4286,0.0,0.5773
IN08f6b5809620ba50,0.1534,0.1534,0.1667,0.0,0.73
IN7f918276170f483c,0.8596,0.0,0.4545,0.0,0.5903
IN2be3f75bc0275df4,0.627,0.0,0.4286,0.0,0.6141
IN40069bf2e8d2c15a,0.0,0.0,0.2143,0.0,0.7071
IN8e5fd7a1741d9999,0.641,0.0,0.7692,0.0,0.5449
IN07d8a122d0ecbf1f,1.2727,0.0,0.625,0.0,0.5232
IN195ec4842cd806a6,5.1002,0.1821,0.7333,0.0,0.2337
INfb6681617406b254,1.1186,0.0,0.2222,0.0312,0.6114
IN49cf308540f6909e,0.0,0.0,0.5,0.0,0.65
INa82ffa8c332a56fa,0.1515,0.1515,0.1667,0.0,0.7298
IN46df80e8102eb6fc,0.7042,0.0,0.7857,0.0,0.5365
INe393d6a78abf335e,0.0,0.0,0.5,0.0,0.65
INe74f5a3a04afb404,1.2276,0.0,0.7143,0.0,0.5089
IN10601cb003237842,0.0,0.4444,0.4667,0.0,0.7307
IN193279486d110635,0.641,0.0,0.7692,0.0,0.5449
IN5a9752f6eb186c34,3.1439,0.2418,0.6429,0.0,0.4102
INf6f6b3ade81b88b9,0.0,0.0,0.75,0.0,0.6
IN54741f0d5e60e5a3,4.9853,0.0,0.7037,0.0,0.2104
INc196ef7f6dd92db8,0.7246,0.0,0.4,0.0,0.612
IN3593d2bbe246d979,0.0,0.0,0.5,0.0,0.65
INc21fcbcc981a19cb,0.0,0.0,0.9091,0.0,0.5682
INe466fe48d7e91f91,0.641,0.0,0.7692,0.0,0.5449
IN71ad6555b65f8225,1.2821,0.0,0.8824,0.0,0.471
INc5935e088eb18136,0.5495,0.0,0.3636,0.0,0.6333
IN5d9bcb00b2de9a80,0.4111,0.2055,0.7273,0.0,0.6059
IN4e866dc8d66cfa30,0.0,0.0,0.8571,0.0084,0.5773
IN0b387bcf4cc7e6ba,0.2463,0.1232,0.2632,0.0,0.6982
IN1ea574e9e1e915ce,0.2309,0.0,0.75,0.0,0.5815
IN40445caea076bbc8,0.0,0.4484,0.4444,0.0,0.7358
IN3d50837cad56e9cf,2.0236,0.0843,0.4,0.0,0.5222
IN6e56b64343383d60,1.0629,0.1771,0.5,0.0,0.5945
INaf70040717f6c738,0.4149,0.0,0.1818,0.0,0.6804
INfedeeaaffbaf344f,0.0,0.3466,0.6923,0.0,0.6693
INb66272cbbde24dcf,0.7188,0.0799,0.6111,0.0,0.5836
IN34e998f189d6926a,0.2667,0.0,0.3684,0.0,0.655
INe584a515c642a250,0.1481,0.0,0.75,0.0435,0.5816
INd5b62b8d7588bf5f,1.1628,0.0,0.8333,0.1017,0.4751
IN1e8b495b4c7fe204,0.1481,0.0,0.75,0.0435,0.5816
INc492fe08774eefbe,0.1016,0.2033,0.5455,0.0,0.6667
IN82b02e70d94ee4bb,0.1481,0.0,0.75,0.0435,0.5816
INe2b3412980e01e37,0.4994,0.0,0.3333,0.0,0.6434
INfe0350c1824fa24a,0.1481,0.0,0.75,0.0435,0.5816
IN079851ac89d72f24,0.232,0.0,0.75,0.0,0.5814
IN9f5e9b27b2df74f4,0.1481,0.0,0.75,0.0435,0.5816
IN0556058c7289b980,1.7007,0.1134,0.6316,0.0,0.5065
IN74959a6063fa1b9d,0.5236,0.0,0.6923,0.0,0.5697
IN132f6984048fa05e,1.758,0.0,0.9524,0.0,0.4189
IN3652ccfb5f9cac22,1.556,0.0,0.6,0.0,0.5055
INaac83f77dd9480b8,2.1598,0.0,0.6364,0.0,0.4499
INd9f1de86597e015e,0.2959,0.0,0.4444,0.0,0.6374
IN3cd237892bb6c305,4.6154,0.0,0.5,0.0,0.2808
INb9aa57e9ec809ef6,2.2222,0.0,0.6667,0.0,0.4389
IN2c2ed2d9c290f037,0.813,0.0,0.3333,0.0,0.6183
IN13b77cba7237d89d,1.7222,0.0,0.625,0.0,0.4872
IN286234f1afdcad2d,3.139,0.0,0.5,0.0,0.3989
IN2296ab9b1c4adc50,0.0,0.2237,0.6923,0.0,0.6488
INbc72c37ded44b8c9,0.0,0.2237,0.6923,0.0,0.6488
IN9f75ce88f8bb8421,1.8987,0.0,0.5,0.0,0.4981
IN2a5e251e44aa24a1,2.3392,0.1949,0.5333,0.0,0.4887
INed87c546f7a7d1af,0.3145,0.1572,0.7273,0.0244,0.6019
IN4987fa23cdfcccd6,2.8169,0.1174,0.7368,0.0,0.3968
IN264b4cf2a49bb178,5.5276,0.0,0.8333,0.0,0.1833
IN88fadd34609119a0,1.964,0.0,0.5556,0.0,0.4818
INdbde617a60b3ab15,1.2422,0.1242,0.8889,0.0,0.4935
IN37e93826f3194f5d,0.1506,0.1506,0.8333,0.0,0.5964
INd95df2ae35fc94ec,0.8439,0.1406,0.75,0.0,0.5559
INcd6179a7d5c30f3e,1.4354,0.319,0.5833,0.0,0.5717
INb75bcc2f1e7cbf37,0.0,0.0,0.65,0.0704,0.6094
INe9463cd497e5dded,3.1153,0.0,0.9091,0.0,0.319
IN4149dbc9651d31d8,1.9549,0.1504,0.8182,0.0,0.455
INddb13e35060fa125,0.375,0.0,0.4,0.0,0.64
INa9496343d88ef39a,2.1448,0.0,0.7143,0.0,0.4356
INf91d6622646e08fa,2.1448,0.0,0.7143,0.0,0.4356
IN040709c6146e6c49,1.7544,0.0,0.8333,0.0,0.443
IN7c60e818e64368e7,2.1077,0.0,0.25,0.5536,0.4483
IN8f7a77ac4a917f7d,0.542,0.3613,0.6,0.0,0.6469
IN165c386195d46113,0.0,0.0,0.65,0.0704,0.6094
INc506860e7134bbf3,1.3928,0.0,0.6,0.0,0.5186
IN56ae8052cff1a5a0,0.8114,0.2028,0.3846,0.0,0.642
IN1675dc4976c9c3b3,2.0222,0.4044,0.8182,0.0,0.492
IN80d3cfbd3e9640c9,1.2232,0.1529,0.5714,0.0,0.5633
IN75cb4dfe47a5ec66,1.0139,0.3802,0.4286,0.0,0.6465
IN0a0ad9107c94d880,0.578,0.3854,0.4167,0.0,0.6846
IN3f1ca6cc5ad6465c,2.4366,0.0975,0.6364,0.0,0.444
INf4d6b0980188dca3,0.7282,0.0,0.1429,0.0,0.6632
IN90f22a3d8f4ad8d3,1.1933,0.0,0.1538,0.0,0.6238
IN2ae3eb9b42d0d6c5,1.1667,0.0,0.2,0.0,0.6167
INc3a5a1d2b44d1426,2.7586,0.0,0.2,0.0,0.4893
IN4caebca8ecc39405,1.0717,0.0,0.5556,0.0,0.5532
IN37b2253b46cec1d0,0.8959,0.3359,0.6364,0.0,0.607
INa823ba5b12607086,1.3333,0.0,0.5714,0.0,0.529
IN64f9efe77388d63c,0.9877,0.0,0.1429,0.0,0.6424
IN7e8e512c8c27021b,1.6086,0.0,0.6429,0.0,0.4927
IN2672fe9fd14ef799,3.125,0.0,0.6,0.0,0.38
INa79e696777774b7d,0.0,0.0,0.5,0.0,0.65
INba05ad3458121036,0.5,0.0,0.1429,0.0,0.6814
IN89c7a33cfd285256,1.0825,0.1353,0.4286,0.0,0.6002
INcd5cebde3e50c78d,0.6508,0.0,0.1538,0.0,0.6672
IN9b68738790397a0e,0.0,0.0,0.6667,0.0,0.6167
IN274e1b996121bcb4,1.0432,0.0,0.2727,0.0,0.612
IN959412a447706ff2,1.0825,0.1353,0.4286,0.0,0.6002
IN6ff34fea3e36f945,0.0,0.0,0.3333,0.0,0.6833
IN83d308bc180dbad6,1.1962,0.0,0.2727,0.0,0.5998
IN3e5eb9dedb5e2ae5,1.5203,0.1689,0.5,0.0,0.5565
IN4e1a1ba240a5e3b5,3.5714,0.0,0.8333,0.0,0.2976
IN51cf338715516ac5,0.8547,0.1709,0.5556,0.0,0.599
IN0f7998857ceab58f,0.3563,0.0,0.6333,0.0,0.5948
INc6c7e957738455b9,1.1527,0.0,0.4286,0.1111,0.5554
INc9ea3c3f5347baf2,0.8562,0.1712,0.5556,0.0,0.5989
INd78f4e31a92ef4ae,0.7692,0.0,0.6667,0.0,0.5551
IN9dcd5500b85a5190,1.0582,0.0,0.25,0.0,0.6153
IN49e3470c30cf9a1e,0.1499,0.1499,0.5,0.0,0.663
INcb42211833b5f952,2.4602,0.0,0.125,0.0,0.5282
INe823cf6766627847,0.8432,0.1686,0.5,0.0,0.6107
IN21c92e258de03aa6,0.6116,0.0,0.5,0.0,0.6011
INea8697b6ddec0dc4,1.7639,0.0,0.5294,0.0,0.503
IN9e6bf5d52c9c5b79,0.0,0.0,0.4,0.0,0.67
IN5d461466b79e8af8,0.1513,0.0,0.4,0.0,0.6579
IN479a51338c4e23fc,2.1798,0.2725,0.5714,0.0,0.5067
IN115deeff52f1a299,0.5495,0.0,0.375,0.0,0.631
INf1dbae3a871d1d4a,1.7857,0.0,0.25,0.0,0.5571
IN757cce4921efb84f,0.9009,0.1126,0.375,0.0,0.6217
IN24956a8ba05d2409,0.5535,0.1845,0.3333,0.0,0.6698
IN32687270bae85051,1.0169,0.0,0.6667,0.0,0.5353
INfe5188b67cfcf4b0,0.0,0.1439,0.25,0.0,0.724
INa1842328a1369d48,1.7354,0.0,0.6667,0.0714,0.4671
IN8b61db1d2294413f,1.0399,0.0,0.7273,0.0,0.5214
IN4b9cf9d9f779327a,0.625,0.625,0.6,0.0,0.6842
IN73504012e879281d,0.1134,0.0,0.0625,0.0,0.7284
INc6fd7480ff3bb88c,0.0,0.0,0.25,0.0,0.7
IN506ac0007375e8ed,2.2167,0.0,0.5,0.0,0.4727
INf963cb4516fefdd1,2.7027,0.0,0.5556,0.0,0.4227
IN8b0cd75afbedfe6c,1.2821,0.0,0.1429,0.0,0.6189
INf9599048c370d927,0.7353,0.0,0.6667,0.0,0.5578
IN39071a9a3d8be37f,0.9858,0.0,0.375,0.0244,0.5925
IN4e1cbc8ab1be57e5,1.4354,0.0,0.1667,0.0,0.6018
IN33b36d43b75e7503,2.1739,0.0,0.3333,0.0,0.5094
IN97bb23ee2609bda1,1.7348,0.1239,0.75,0.0,0.4819
IN314cd238500c2437,0.2304,0.0,0.5,0.0,0.6316
INd672b36659a401d9,2.6005,0.0,0.4375,0.0,0.4545
IN8f524dec625b741a,0.2639,0.0,0.6,0.0,0.6089
IN6daa2389c9c84b0c,0.375,0.0,0.4,0.0,0.64
IN2385504aebbd96a7,0.0,0.0,0.4,0.0,0.67
IN5c39d75c2bf7248e,1.8364,0.1669,0.5333,0.0,0.5242
IN64938406ad2d150f,1.0811,0.1351,0.4286,0.0,0.6003
IN81130a1a5deaeb9c,0.678,0.339,0.25,0.0,0.7023
INd3718f91a9cdb279,0.2364,0.0,0.5,0.0,0.6311
IN6e4e5cf66c54a66c,2.3715,0.0,0.7143,0.0,0.4174
IN24c5ad42be236925,0.0,0.0,0.5,0.0,0.65
INbb0980ee5552c829,2.0661,0.1377,0.5,0.0,0.5077
INa77f237d9a462553,0.3759,0.3759,0.9,0.0,0.6026
IN22b16b925c894cb3,1.5608,0.0,0.5333,0.0,0.5185
IN495eb2e9eabc300b,0.1873,0.0936,0.3529,0.0,0.68
IN425da97346c0ce6d,4.9451,0.0,0.3333,0.0,0.2877
IN9e009ba7670947ea,0.289,0.0,0.6,0.0,0.6069
IN2d1ec4f3305c7218,0.3906,0.0,0.375,0.0,0.6438
IN8a5aa1e46fcf03c2,0.0,0.0,0.3333,0.0,0.6833
INf2dfc1fe561470b8,2.3923,0.0,0.6667,0.0,0.4253
IN12a569414abdaf39,3.7915,0.0,0.7,0.1176,0.289
IN85b170861318f3a2,0.7299,0.0,0.4,0.1429,0.5902
IN400b3ff2062b7ca5,0.2273,0.0,0.5,0.0,0.6318
IN24485e0292ae89a7,0.0,0.0,0.65,0.0704,0.6094
IN8402ddf35459c31f,0.0,0.431,0.75,0.4444,0.6052
IN6b8bb1cc13d771b5,0.0,0.431,0.75,0.4444,0.6052
INc14168a5fca7e385,0.0,0.0,0.75,0.0,0.6
INe188b54c7d87b173,0.0,0.431,0.75,0.4444,0.6052
INfb7b220db6f8a460,0.7785,0.0,0.2424,0.0,0.6392
IN2399648c40e028c4,0.0,0.0,0.75,0.0,0.6
IN49269fa86c58cb2b,0.9524,0.0,0.4444,0.0,0.5849
INcfcfdc78410034ec,1.735,0.1577,0.875,0.0,0.4625
IN90515c175505b314,1.0406,0.0,0.5714,0.0,0.5525
IN8a7f89685afc8775,6.5574,0.0,0.7,0.0,0.21
IN0313242c55871e5d,0.0,0.431,0.75,0.4444,0.6052
IN873f5379606f73d7,0.7371,0.0,0.4545,0.0,0.6001
INd3ef6a573b9ae467,1.4726,0.0,0.4167,0.0,0.5489
IN3ec53c7328a9cdd8,0.0,0.0,0.75,0.0,0.6
INa66ffb9637c48f9a,0.3929,0.5894,0.5714,0.0,0.7025
INe1c8c0036dcb517f,0.0,0.0,0.75,0.0,0.6
INb687d1c7bdf53171,0.9597,0.0,0.8333,0.0,0.5066
INd32837e7a3f5d8d1,0.4566,0.9132,0.6667,0.0,0.7323
INe5dcdd38354318a1,0.6231,0.0,0.7273,0.0,0.5547
IN669da3cb4f1a3357,2.8384,0.2183,0.7143,0.0,0.4165
IN3da8cd5e0d123aa2,1.0953,0.1095,0.625,0.0,0.5556
INf486c84e705f8ee0,0.0,0.431,0.75,0.4444,0.6052
IN62e5d0bb5db5060f,2.5037,0.0,0.619,0.0,0.4259
IN7fc68d4fc453d742,0.0,0.431,0.75,0.4444,0.6052
IN97904d6df7d70e0d,0.0,0.431,0.75,0.4444,0.6052
IN9a3b56bbf3fc15ef,0.0,0.431,0.75,0.4444,0.6052
IN39acf6b494f66c1f,0.0,0.431,0.75,0.4444,0.6052
IN4b6327a2cee2dd69,2.9056,0.0,0.5882,0.0408,0.3938
INe072909bed3d0b3c,0.0,0.431,0.75,0.4444,0.6052
IN1fddefa887cc62e9,0.0,0.431,0.75,0.4444,0.6052
IN2ef2c612085eab40,2.3155,0.0,0.8333,0.0,0.3981
IN3468be3b379c97f0,1.8868,0.0,0.4444,0.0882,0.4969
INc6f77ff4cf8de298,0.0,0.0,0.75,0.0,0.6
INc5a17086ea0e0a17,0.0,0.0,0.75,0.0,0.6
IN7b7edc75b2838224,0.6135,0.0,0.6667,0.0,0.5676
IN4c0b838a9c0ca635,0.0,0.0,0.75,0.0,0.6
IN552d737a2d901990,0.4149,0.0,0.7647,0.129,0.5445
IN702b74db5dec6723,0.4566,0.9132,0.6667,0.0,0.7323
IN39cc42273c9873e1,0.4566,0.9132,0.6667,0.0,0.7323
IN0de108ae23373e63,0.4149,0.0,0.7647,0.129,0.5445
INe46f08173cb0bde4,0.0,0.4392,0.375,0.0,0.7482
INceef0cf3c5c18c92,0.9642,0.4132,0.4615,0.0,0.6494
INf6ca14d65f09c19c,0.0,0.0,0.75,0.0,0.6
IN5bf20802666d7ee1,0.0,0.431,0.75,0.4444,0.6052
IN8b57c98724025490,0.0,0.431,0.75,0.4444,0.6052
IN952bc71c721ebd25,0.0,0.431,0.75,0.4444,0.6052
IN28f3d2eddca4cb16,1.002,0.2004,0.6,0.0,0.5832
IN9cf72f0e2a01e64e,0.5607,0.3738,0.25,0.0788,0.7056
INb5dd86a31d23cec6,0.0,0.0,0.75,0.0,0.6
INd0e6c24e3a2478e2,2.5932,0.0,0.1429,0.0,0.514
INec98b8fb31d7d813,0.0,0.431,0.75,0.4444,0.6052
IN5af361ab28c59b36,2.8419,0.0,0.8,0.0,0.3626
IN3320e5bd3fc7161a,0.0,0.431,0.75,0.4444,0.6052
INb9ee675d7eeefeda,0.0,0.0,0.75,0.0,0.6
INf8e2c2c45da67033,0.0,0.431,0.75,0.4444,0.6052
INe077ed3f2769e140,0.4651,0.9302,0.75,0.0,0.7178
INb2e41b044c1a19aa,0.0,0.4202,0.6,0.0,0.7
IN1412c9d1bbf836ed,0.0,0.431,0.75,0.4444,0.6052
INada8492ae942769c,0.0,0.0,0.75,0.0,0.6
INae8d24a0e3b18e85,0.0,0.0,0.75,0.0,0.6
IN44c158d246b71e19,0.0,0.431,0.75,0.4444,0.6052
INf841783335b01791,0.3361,0.0,0.5,0.0,0.6231
IN4a56fd72bd290146,0.6557,0.0,0.5,0.0,0.5975
INceca7c67510170a3,0.818,0.1022,0.619,0.0,0.5778
INa0f1150324f952c6,0.554,0.0,0.0909,0.0,0.6875
IN4ecc93251c304bfe,0.486,0.1215,0.6471,0.0,0.602
IN046920799a622907,0.4614,0.346,0.4615,0.0,0.6785
IN424c2319071040f1,0.618,0.0,0.375,0.0,0.6256
INfd3fdb96e8e64a29,0.7013,0.1403,0.7143,0.0,0.5744
IN11b40cb01655fafe,2.509,0.1195,0.5,0.0,0.4692
IN047e719aa0dafd78,2.399,0.1263,0.6667,0.0,0.4458
IN46b24f6174ce134c,2.4164,0.1859,0.6667,0.0,0.4543
INbc46b739de95d583,0.0,0.2469,0.5,0.0,0.6912
INcc4dd62a6725903b,0.0,0.1745,0.625,0.0,0.6541
IN8a64b8e0894b027b,0.4405,0.0,0.0833,0.0784,0.6863
IN1a13a43562d8c6d5,0.2865,0.1433,0.7143,0.0,0.6081
IN471993bc7aa43539,0.0,0.1222,0.625,0.0,0.6454
INd9d06d220f216a75,0.0,0.1142,0.6,0.0,0.649
IN8432c00227f3e608,0.4329,0.1082,0.2,0.0851,0.6806
IN4b8c9f6736c8ab45,0.1337,0.2674,0.5385,0.0,0.6762
INb4556256eea7b8e8,0.1587,0.1587,0.7143,0.0,0.6209
INcf6224c625f685a5,0.5563,0.1391,0.6,0.1053,0.5929
INbeadcf4d8d82e0f2,0.5181,0.1036,0.6842,0.0,0.589
INfa5dcd3dc16677fa,0.1515,0.1515,0.7143,0.0,0.6203
INc53b387261213c18,0.0,0.1779,0.7143,0.0,0.6368
INc337f1ec74f2f8f8,3.2349,0.2813,0.65,0.0,0.4081
IN25b4808e69dc07a0,0.0,0.3317,0.3333,0.0,0.7386
INc5145bf879d8b898,0.3185,0.1592,0.7,0.0,0.6111
INec0bf71f790724c1,1.9699,0.1159,0.9048,0.0,0.4308
IN539cd93964507ba6,0.1346,0.1346,0.8,0.0,0.6017
IN1e6aa1900a5f5bf5,5.2174,0.0,0.75,0.0,0.2
IN96471fa9f653ea07,0.0,0.1522,0.7143,0.0,0.6325
IN4230716c4c25e42f,0.0,0.1675,0.7778,0.0,0.6224
IN113e22aab9139895,0.1488,0.1488,0.7143,0.0,0.62
IN854180b884b3ca31,6.7538,0.0,0.75,0.0,0.2
IN8874b2a257594859,0.0,0.2759,0.7143,0.0,0.6531
IN4e82570f8aad6f52,0.3233,0.0,0.3636,0.0,0.6514
INbca3e4e21f48004c,0.0,0.1359,0.5455,0.0,0.6636
INddf1ac9be3121e26,0.2793,0.1397,0.5714,0.0,0.6366
IN34e6fb07052f8583,2.3364,0.0,0.75,0.0,0.4131
INe1b28b7decc63fe5,0.2532,0.2532,0.6364,0.0,0.6447
IN57b286d125a5ad50,0.2268,0.0,0.7333,0.0,0.5852
INc1b43d16ac82b902,0.3396,0.1698,0.5,0.0,0.6511
IN727680f67237bc75,0.4796,0.1199,0.6,0.0455,0.6048
INc967fada20500b3c,2.8754,0.0,0.0909,0.0,0.5018
IN177d0d460682b449,0.3396,0.1698,0.5,0.0,0.6511
IN8355cd7f393baa49,6.1303,0.0,0.7143,0.0,0.2071
INc2c841f52861b55d,0.3396,0.1698,0.5,0.0,0.6511
INbfa7b2c6bdad6c61,0.0,0.1319,0.5455,0.0,0.6629
IN8b77c0c60f9c20b0,0.0,0.13,0.7,0.0,0.6317
INc6ae3f7479bf01a9,2.3166,0.0,0.375,0.0,0.4897
IN01a28b07ae9b7a4d,1.2739,0.2123,0.9286,0.0,0.4978
IN520454cb1dd67ce2,0.3401,0.1701,0.5,0.0,0.6511
IN5bd351cbdfecde1b,0.4967,0.1656,0.4444,0.3488,0.5966
IN7488108591456acd,0.3436,0.1718,0.75,0.0,0.6011
IN1c3775d4c57f61fb,0.319,0.1595,0.6667,0.0,0.6177
IN8302e1dd2cf5ee36,0.2703,0.1351,0.4286,0.0,0.6652
IN71181f51601e3236,0.1443,0.1443,0.625,0.0,0.6375
IN1ef2fdc7c29fc683,0.0,0.1235,0.625,0.0,0.6456
IN10f0ed345ef41886,4.8689,0.0,0.5294,0.0,0.2546
INb6f1041d60c6231b,4.2222,0.0,0.8333,0.0,0.2456
IN401f792fe52ba38f,4.9587,0.0,0.3333,0.0,0.2866
INbc74a3285bb3f1d3,0.0,0.3263,0.8125,0.0,0.6419
IN5fe13da377d59e14,0.2967,0.1484,0.7778,0.0,0.5954
IN97f3fb8bb4fc6065,0.3722,0.0,0.4545,0.1304,0.6097
INe8bd8afb708e0a33,2.2406,0.1179,0.8182,0.0,0.4268
IN91e7c5cd5fa53093,0.8955,0.1493,0.5833,0.0,0.5866
IN189c21b98c6c4180,0.0,0.1546,0.75,0.0,0.6258
INea224653621b068c,10.9489,0.0,0.875,0.0,0.175
IN347cb576a35bf5e6,1.9152,0.0,0.5556,0.0,0.4857
IN37fe0041960b81c7,0.0,0.1686,0.7143,0.0,0.6352
IN0835159bc23d93d0,0.8763,0.0974,0.5357,0.0,0.589
IN5ad3d7913f95ea4e,0.2695,0.1348,0.5455,0.0,0.6418
IN41f476a6423a4dab,2.1231,0.0,0.2857,0.0,0.523
IN85a7e440d6c27740,0.4713,0.0,0.6429,0.0,0.5837
IN09a7ac1ffb2b209f,0.4167,0.1389,0.6364,0.0,0.6125
IN02e12766b2a7ca2e,0.0,0.2967,0.6364,0.0,0.6722
IN96715525741a0e86,2.1231,0.0,0.2857,0.0,0.523
INee084a815ab930dc,1.5584,0.0,0.125,0.0,0.6003
IN45d6af1a444eee3e,0.454,0.1135,0.5,0.0,0.6326
IN8f48a5531d5b4087,0.3396,0.1698,0.5,0.0,0.6511
IN28e54d499bc1159e,3.9773,0.0,0.25,0.0,0.3818
IN5284e7c1dab8e966,3.4483,0.0,0.6,0.0,0.3541
INda02b35507b5b026,1.8957,0.158,0.4167,0.0,0.5413
INd70e8f9bd704064b,2.2163,0.0,0.7222,0.0,0.4283
INf96aa45eb015f6ad,1.1872,0.1397,0.625,0.0,0.5533
IN4eaf618680f623bf,0.5677,0.0,0.5455,0.0,0.5955
INcb60554a5299251b,0.2653,0.0,0.5,0.0,0.6288
INd3563bd716343f0c,1.173,0.0,0.75,0.0,0.5062
IN315ab180ac7e1292,4.5455,0.0,0.7143,0.0,0.2435
INc21f50955ce5d76e,3.5874,0.0,0.5,0.0,0.363
INd1fc04343ef051df,0.3947,0.0,0.5556,0.0,0.6073
IN72002657e6ad6a11,1.1553,0.1284,0.6429,0.0,0.5504
IN1e720205182a853e,0.6438,0.2146,0.7647,0.0,0.5813
IN8b603f11036b2171,0.0,0.0,0.75,0.0,0.6
IN3095de6be0af1bf1,0.0,0.0,0.6667,0.0,0.6167
IN4997fcc29f1206af,1.1013,0.0,0.7143,0.0,0.519
INcaa360b03c12b3e2,1.1338,0.0,0.625,0.0,0.5343
IN6978639f4159d951,3.0702,0.0,0.4286,0.0,0.4187
IN61dc87bd10980716,0.0,0.0,0.125,0.0,0.725
IN8ca0c14763b3e7f3,0.0,0.0,0.75,0.0,0.6
INcdcd549bb81da2ca,0.898,0.1633,0.5652,0.0,0.5923
IN14404e8439522250,2.5271,0.0,0.3846,0.0,0.4709
IN41ca36e5be15271c,0.431,0.0,0.8333,0.0,0.5489
IN7e4124c0a81e7b8b,4.9505,0.0,0.5,0.0,0.254
INbd143767ef53d6e5,0.8857,0.2415,0.5172,0.0,0.616
INaffdfdce247312e8,0.0,0.0,0.4286,0.0,0.6643
INc2092de651c3774a,3.2086,0.0,0.75,0.0,0.3433
INfdd5eef08c6770ef,1.4141,0.0,0.5,0.1176,0.5192
IN83748a439e7be270,1.5015,0.0,0.25,0.0,0.5799
IN3b9d8aad20b3ad28,3.8961,0.0,0.6364,0.0,0.311
INba5664b70af7b3db,0.6061,0.0,0.5,0.1224,0.5831
IN1e0de0020fa3f654,0.4269,0.2134,0.3529,0.0,0.6808
INd5a7e5fa4257a07b,0.0,0.0,0.4286,0.0,0.6643
IN52ddd829e6dabca6,1.0753,0.0,0.5,0.12,0.546
IN097af300c888e018,4.0089,0.0,0.5833,0.0,0.3126
IN5305ee641301e589,9.0426,0.0,0.7778,0.0,0.1944
INa26fdb7614c54d22,3.6335,0.0,0.5714,0.0,0.345
IN734db1e6c796f5dc,1.1076,0.0,0.3,0.0,0.6014
IN64789115268b9cf6,0.0,0.0,0.8333,0.0,0.5833
INa332ac35248fc55f,4.0089,0.0,0.5833,0.0,0.3126
INcaeb1c09416c9a2e,1.0753,0.0,0.5,0.12,0.546
IN57491cbfaa919c28,1.4577,0.0,0.6667,0.0217,0.4968
INef864c1784c3bcd7,3.8071,0.2538,0.875,0.0,0.3127
IN1f521f62d6e50d0f,7.3786,0.0,0.9048,0.0,0.169
INbdbe63399031419c,2.8571,0.0,0.3333,0.0,0.4548
INf6d04b2e0871c23b,4.5455,0.1466,0.7,0.0,0.2708
INa0f711682cb60413,0.6522,0.0,0.7647,0.0,0.5449
IN45bc431e9c5c5075,1.5719,0.2418,0.5,0.0,0.5646
IN943909e9df7df1d4,2.029,0.0,0.6,0.0,0.4677
INfd3bdcced70774be,4.9107,0.0,0.7,0.0,0.2171
INcebe97e13820404e,4.5872,0.0,0.7,0.0,0.243
IN3ee7efd377288929,1.0536,0.0,0.6667,0.0,0.5324
INacf941db479b93af,3.5382,0.1862,0.4,0.0,0.418
IN5d85056c0339cf9a,4.5872,0.0,0.7,0.0,0.243
INb1f6da9c9be59873,2.6408,0.0,0.7143,0.0,0.3959
IN7c4062c5c3a2ed88,1.3378,0.0,0.75,0.0,0.493
IN6985e5711bba0ff9,5.5263,0.0,0.7083,0.0,0.2083
IN9af73977318ebab6,2.6385,0.0,0.9231,0.0938,0.3402
IN21cc2ed4c7f58fa1,1.4184,0.0,0.7143,0.0,0.4937
IN021483b4b7b47177,2.3529,0.0,0.75,0.0,0.4118
IN5ea5a0953787da83,7.0671,0.0,0.8571,0.0,0.1786
IN5a1ce2caa8f001b4,1.6287,0.0,0.6,0.0,0.4997
INf9d7d75ea8418448,0.5277,0.0,0.6,0.0,0.5878
INd3640b86e1ad8514,2.3529,0.0,0.75,0.0,0.4118
IN681c8b6ad1261389,8.4746,0.0,0.5,0.0,0.25
IN55ce0a03beedeb45,7.2464,0.0,0.7778,0.0,0.1944
IN8acc734aafaa79a5,8.1633,0.0,0.5,0.0,0.25
INe18e5f418e1ae0bc,3.4215,0.1555,0.6471,0.0,0.3728
IN6b650beb1db65123,2.7439,0.0,0.875,0.0,0.3555
IN51535bbcd13d9b23,13.8298,0.0,0.8,0.0769,0.1785
INd07d8d25ecb9ecac,6.993,0.0,0.8,0.806,0.0691
IN9c4b6cea3bbc465a,3.7594,0.0,0.2,0.0,0.4092
IN2a061f7ca56f0365,1.0929,0.0,0.8333,0.0,0.4959
IN603e29103eb87f60,0.3968,0.0,0.8,0.0,0.5583
IN5fdfcdb227405eb9,4.5662,0.0,0.5,0.0,0.2847
IN4c0cbfae8ac7b4e4,6.9124,0.0,0.3333,0.0,0.2833
IN58378af74c936927,7.0769,0.0,0.7857,0.0,0.1929
IN0741891ac7c9edfd,2.9661,0.0,0.5714,0.0,0.3984
IN88280f4d721a26a8,0.7075,0.2358,0.8125,0.0,0.5702
IN920408f2b3ca8f93,0.0,0.0,0.5,0.0,0.65
INe4b2b9a838db884f,1.3487,0.1927,0.5806,0.0,0.5581
INb231e2383192f8b4,1.3245,0.0,0.5714,0.0,0.5298
INa924e058d6e62164,2.7473,0.0,0.7647,0.0,0.3773
IN2913f33cd8f7e450,1.6474,0.0,0.7273,0.0,0.4727
INda5d55e5a0163c48,1.8318,0.0,0.8095,0.0,0.4416
IN8bc269014f9533c0,1.773,0.0,0.6,0.0,0.4882
INc62b769099c41078,1.9936,0.0,0.5217,0.0,0.4862
INbfa5829d897c0758,1.773,0.0,0.6,0.0,0.4882
IN9ebb17ba76583064,0.0,0.0,0.8,0.0,0.59
IN4890207938dff004,0.6519,0.0,0.6875,0.0645,0.5507
IN91dc92e95100619b,1.6168,0.0,0.625,0.0,0.4957
IN710dcf5613c64388,0.3219,0.2146,0.5,0.0,0.66
IN18b0a83bf513fa30,5.6962,0.0,0.7692,0.0,0.1962
IN9f68d2877cce2447,0.7874,0.0,0.6,0.0,0.567
IN76a9712af22806cf,1.8036,0.0,0.4706,0.0,0.5116
IN482fd949052fdbb5,0.7519,0.0,0.2,0.0,0.6498
INf53f8b8861b4c370,0.4036,0.2018,0.16,0.0,0.7193
IN0bba5e14de36732f,0.3839,0.1919,0.5714,0.0,0.637
IN6fe7ef1f999d1ff2,0.0,0.2053,0.4286,0.0,0.6985
IN351ef2c797eb0f6a,0.0,0.0,0.1429,0.0,0.7214
INae42bbf628768a9b,2.7174,0.0,0.5,0.0,0.4326
INfbd25b69e715c7e5,4.3307,0.3937,0.9286,0.0,0.2834
IN9c8979c1f17d3d91,0.0,0.0,0.1429,0.0,0.7214
IN1a927cbfa1ddeb46,1.1785,0.0,0.5385,0.0,0.548
IN81c75f75a0391070,0.0,0.0,0.6,0.0652,0.6202
IN09865bc591c6cfb9,0.0,0.0,0.65,0.0704,0.6094
IN4de1a767a1122528,0.5155,0.0,0.5,0.1333,0.5888
IN55926374afca2556,0.6757,0.2703,0.0769,0.0,0.7256
IN567937b5bc9a8dba,0.5941,0.198,0.1667,0.0,0.7021
IN99a5600da2fe8f23,3.0303,0.0,0.4444,0.0,0.4187
IN30ee0087e2b9eb8a,1.5588,0.0,0.5833,0.0,0.5086
INcc3e8370ce855847,0.8475,0.0,0.6667,0.0,0.5489
IN5d17efedc9e91995,1.2195,0.0,0.4,0.0,0.5724
IN8aaf2050685d30db,0.9259,0.0,0.6667,0.0,0.5426
IN96bb71b15d692beb,0.5155,0.0,0.5,0.1333,0.5888
IN392bfff87e7a7492,3.8462,0.0,0.5,0.0,0.3423
INd03463fd16b8068e,0.6012,0.0,0.5556,0.0,0.5908
IN9a40d78819fde7ff,1.1173,0.0,0.1429,0.0,0.632
IN286eed4b93574c94,0.5155,0.0,0.5,0.1333,0.5888
IN9f390af3cc16dd58,0.211,0.0,0.6,0.0,0.6131
IN278ada24fdcb8a0e,0.4259,0.0852,0.2,0.0,0.6901
IN9720fd21930da51a,1.0204,0.0,0.125,0.0,0.6434
IN09bc44754aced493,3.7915,0.0,0.4,0.0,0.3667
IN6abc602e37bac360,4.5249,0.0,0.2,0.0,0.348
IN21e1c49859fe8f35,0.0,0.0,0.1667,0.0,0.7167
IN210ca76a8f1f8812,5.4795,0.0,0.2,0.0,0.31
IN0965654b312c8d38,0.6085,0.2028,0.1429,0.0,0.7066
INd9ac8bff651feb13,0.7634,0.0,0.1429,0.0,0.6604
IN42d5bd256ec669b1,0.995,0.0,0.1429,0.0,0.6418
IN3939045453a35f8d,0.995,0.0,0.1429,0.0,0.6418
INdd27cf6c9be6c183,1.0101,0.0,0.1667,0.0,0.6359
INb5e54362fc6e7a2e,1.6722,0.0,0.25,0.0,0.5662
INdf6c798b9088fd07,0.6098,0.2033,0.1429,0.0,0.7065
IN9bcbc2a8fa9ff25a,1.0309,0.0,0.1429,0.0,0.639
IN0b6f5e87e91cd867,1.2931,0.2155,0.3333,0.0,0.6158
IN27d86b8b857a064a,0.1761,0.0,0.25,0.0,0.6859
IN0c936f28277c57ea,3.9604,0.0,0.8333,0.0,0.2665
IN55cd6a58cf286065,3.9604,0.0,0.8333,0.0,0.2665
IN81229785d3aa0462,1.0417,0.2083,0.5556,0.0,0.5903
INe82f3efca5512512,0.0,0.0,0.4545,0.0323,0.6543
IN0ae87c2fe36eee83,0.9119,0.304,0.7143,0.0,0.5849
IN547061716f7e3e98,0.2463,0.2463,0.2857,0.0,0.7142
IN39e7f8d464eb81b6,1.7513,0.1751,0.5,0.0,0.5391
IN94348d991b355e64,0.7299,0.2433,0.6,0.0,0.6122
IN50082df2e3381217,0.5319,0.0,0.5,0.0222,0.6041
INb32fa839d214aaf1,0.5326,0.0,0.5,0.0,0.6074
IN5692dedf5af0b434,0.0,0.0,0.25,0.0,0.7
INf8ab10555613137b,0.1692,0.1692,0.7333,0.0,0.618
INbea939e14acabed4,3.1847,0.0,0.5714,0.0,0.3809
INa677a183a60a33e6,0.0,0.0,0.75,0.0,0.6
IN1ea9f56ad0b37d4a,1.1019,0.0,0.3333,0.0882,0.5819
INeab4a8f0c43e1d75,0.0,0.7194,0.3333,0.0,0.8032
IN029c8a66997fa783,0.8235,0.2353,0.3077,0.0,0.6618
IN5c3cbe888deedc0e,3.1847,0.0,0.5714,0.0,0.3809
IN278cee535444c463,0.9456,0.2364,0.3077,0.0,0.6522
INc91c325004f227a0,0.1776,0.1776,0.4444,0.0,0.6765
IN44dc8f66926d2310,0.0951,0.0951,0.5556,0.0,0.6471
IN14a6edb4eff251ba,2.1818,0.0,0.1667,0.0,0.5421
IN379430cbf398924b,0.0,0.0,0.6,0.0652,0.6202
INde750d4ea601f9cc,3.1579,0.0,0.5,0.0,0.3974
INec9bbff26a8dd0b7,1.1204,0.0,0.875,0.1538,0.4623
INa08cb14b80738da1,0.8086,0.0,0.5,0.0,0.5853
IN3f2854ee4a7ac60f,1.1211,0.0,0.2727,0.0,0.6058
IN651ec4e0b3e7b8d2,0.0,0.0,0.5,0.0,0.65
IN68990c664cc91e2b,1.9656,0.2457,0.6154,0.0723,0.4998
INd8d195ebc6662ac9,0.3956,0.0989,0.3333,0.0845,0.6555
IN8bd393d75920a2de,0.0,0.0,0.65,0.0704,0.6094
INaf56471c75974c60,2.1484,0.0,0.3846,0.0,0.5012
INd8b9e4e50ae33fbc,0.2273,0.0,0.5,0.0,0.6318
IN65bf485312c64d1b,0.0,0.0,0.4444,0.0,0.6611
IN33653729008f8050,0.0,0.0,0.65,0.0704,0.6094
INf45a34ec6dd02ca1,1.7921,0.0,0.25,0.2,0.5266
INf85ace75e892e7f1,1.1211,0.0,0.2727,0.0,0.6058
IN930d7e4c664f88ec,0.0,0.5208,0.4444,0.0,0.7479
IN1170e10bafd2983f,0.487,0.0,0.5455,0.1132,0.585
IN35646661d9cd0255,0.184,0.0,0.4545,0.0,0.6444
IN1a08bfd841e9a1ed,2.0062,0.1543,0.625,0.0,0.4902
INe0d664359de3800e,0.0778,0.0,0.2667,0.0,0.6904
IN6a069ea229b3c23d,0.547,0.1094,0.4706,0.0,0.6304
IN02b25acfa0f43a64,0.5155,0.0,0.3,0.0,0.6488
INdf56df0faa7d669b,0.8384,0.0,0.8214,0.0,0.5186
IN7b673d30cdb3cad7,0.9709,0.1387,0.25,0.0,0.6454
INd8f73d302a872795,1.0695,0.5348,0.75,0.0,0.6036
IN5c89a7cc727b2668,0.5535,0.369,0.3333,0.0,0.7006
INd11aebd7f8b496f4,0.9292,0.0,0.5,0.0,0.5757
INb78bab999bc3c36b,0.9901,0.0,0.75,0.0,0.5208
INe6a04c8da2f8a68c,0.491,0.491,0.3846,0.0,0.7156
IN9c516fad445bad92,0.9709,0.1618,0.1667,0.0,0.666
IN8291b9483fde94dc,1.4134,0.0,0.5,0.0,0.5369
INca844ab3716a607b,0.0,0.0,0.3333,0.0976,0.6687
IN11262d6203dd79e8,1.2963,0.0,0.4444,0.0,0.5574
INd61cf4887955ec91,0.6645,0.1107,0.8333,0.0808,0.5365
INd2a72834e0b44489,0.6826,0.0,0.3333,0.0,0.6287
IN69e4da65031ffb72,0.6897,0.0,0.2143,0.0,0.652
INe1ddaeca3bc51b1f,0.0,0.0,0.8,0.0,0.59
INcf7e810dde5ff307,4.6961,0.2762,0.8182,0.0,0.2567
IN768493e0617459f6,15.9091,0.0,0.5,0.0,0.25
IN822c5097d767915d,3.6697,0.2294,0.5,0.0,0.3946
IN1beaa40e174f3c6b,3.653,0.2283,0.5,0.0,0.3958
IN8cc0432257a81296,0.0,0.0,0.3333,0.0,0.6833
INf63719d40fd9f5ff,3.6446,0.2278,0.5,0.0,0.3964
INad7ab5337d620e56,0.8696,0.0,0.75,0.0,0.5304
IN0e14e8b860abab73,3.6613,0.2288,0.5,0.0,0.3952
IN4cb23d4100ab93c8,0.936,0.156,0.4286,0.0,0.6154
INfd474d6e76e0e3ce,0.0,0.0,0.4667,0.0779,0.645
INd77d6cc1662a088f,0.1397,0.0,0.8,0.0882,0.5656
IN179006098f107476,0.4831,0.0,0.2,0.0,0.6714
IN282168a9e4693a0d,0.0,0.0,0.4667,0.0779,0.645
IN5fb9b29ed2ba9c23,0.936,0.156,0.4286,0.0,0.6154
INd6fa2a0cc217c933,0.2642,0.0,0.4444,0.0,0.64
INf436715b7c66de14,0.3289,0.3289,0.5,0.0,0.6785
INf1a5c41fdf76bffd,0.936,0.156,0.4286,0.0,0.6154
INdcba37266f6480df,0.0,0.0,0.7143,0.0,0.6071
INb06158804d200d98,2.7254,0.0,0.7857,0.0,0.3748
IN066f6a297f2140ca,6.5744,0.0,0.6667,0.0,0.2167
IN82530a1f7f3227d3,3.2362,0.0,0.7647,0.0,0.3382
IN6b8d77ddc4253b76,1.5564,0.1946,0.7143,0.0,0.5151
IN160e745867aecfde,2.0202,0.0,0.8182,0.0,0.4247
INf045a8d62b12afc9,1.9455,0.3891,0.7143,0.0,0.5164
IN872cae0fce881d9f,1.1111,0.0926,0.5926,0.0,0.558
INf40e3fa4d1983453,7.8231,0.3401,0.7692,0.0,0.2528
INc77ee6704a69234b,1.3245,0.0,0.5714,0.0,0.5298
INc32292c7d57f75c7,3.0,0.1667,0.8333,0.0,0.3711
INeff3fc8c08dd9b8d,1.087,0.0,0.3077,0.0,0.6015
INda3afae1e4e530bd,3.9024,0.0,0.25,0.0,0.3878
IN0f484b58a9d28673,3.4591,0.0,0.7647,0.0,0.3203
INbbdf125475f26528,7.772,0.0,0.8333,0.0,0.1833
IN46adcd1840e7e2eb,0.0,0.0,0.3333,0.0,0.6833
INf505bd0ba56233cf,2.0253,0.2532,0.8333,0.0,0.4635
IN49b54f119cb23f8d,1.0846,0.0,0.5556,0.0,0.5521
IN6c655c6cd7e6b784,7.4074,0.0,0.6,0.0,0.23
INb8e1e5faf4c6aeb6,2.799,0.0,0.4,0.0,0.4461
INdf7af345ed19f0bc,3.1579,0.0,0.7778,0.0,0.3418
IN4c13ce93a9a7aabc,1.6584,0.1658,0.6667,0.0,0.5116
IN749d69418a96a7bc,4.7809,0.0,0.9,0.0,0.1875
IN4f4f5f2faee25402,7.3394,0.0,0.8,0.0,0.19
INc16097404185408c,2.2843,0.0,0.52,0.0,0.4633
IN6936b5cfafd6e186,0.0,0.0,0.5,0.0,0.65
IN0e43f8e5f388dec9,8.3333,0.0,0.8571,0.0,0.1786
IN8bb93bdd616372ee,3.7879,0.0,0.8889,0.0,0.2692
INd3c824d005633d9a,3.3816,0.0,0.5,0.0,0.3795
INf197b7a1b6bad92e,0.0,0.0,0.3,0.0,0.69
IN39d7d7cdcc8c292d,1.9231,0.1479,0.6923,0.0,0.4823
IN467ce1fda8abfc92,0.4908,0.3681,0.7692,0.0,0.6182
INe50360fff680f7f8,3.7801,0.0,0.3333,0.2174,0.3483
IN4cb6d8c771e64f39,3.3816,0.0,0.5,0.0,0.3795
IN8bd61257658db314,6.993,0.0,0.9231,0.0,0.1654
IN8ebae5a1f1271cd0,0.5714,0.381,0.8571,0.0,0.5963
IN6028498845a2a1c6,3.1056,0.0,0.8333,0.0,0.3349
IN7de7f6b6612ed4b2,2.6036,0.1183,0.619,0.0,0.4376
INf877e93453d59620,0.2026,0.1013,0.3684,0.0,0.677
IN31cf2c2b99a7bd56,2.214,0.0,0.75,0.0,0.4229
INcbe3dbbe4dd76f2f,0.733,0.0,0.5333,0.0,0.5847
IN830bfcd02031c7fe,4.6154,0.0,0.75,0.0,0.2308
IN818b045959c65b72,1.1019,0.0918,0.75,0.0,0.5272
INbf37dd66e8236330,1.227,0.0,0.6667,0.0,0.5185
LI4410905842,0.5226,0.1742,0.5714,0.0,0.6229
LI4416642506,2.0221,0.0,0.8421,0.0,0.4198
LI4401614127,1.2289,0.1536,0.5714,0.0,0.563
LI4404671522,0.4525,0.1508,0.5833,0.4138,0.5602
LI4430996476,0.9554,0.0,0.625,0.0,0.5486
LI4436441724,0.6231,0.3115,0.6,0.0,0.6321
LI4425848073,2.0212,0.0962,0.7143,0.0,0.4615
LI4425825970,2.0212,0.0962,0.7143,0.0,0.4615
LI4430763577,1.0,0.0,0.5833,0.0,0.5533
LI4390860957,0.9585,0.0,0.5,0.0,0.5733
LI4434047893,1.3245,0.0,0.5556,0.0,0.5329
LI4390866505,0.9585,0.0,0.5,0.0,0.5733
LI4370558206,1.8868,0.0,0.5385,0.0,0.4914
LI4425982957,0.8696,0.0,0.75,0.0,0.5304
LI4423678095,5.0847,0.0,0.7692,0.0,0.1962
LI4366363763,0.0,0.0,0.4545,0.0,0.6591
LI4432350778,3.3126,0.0,0.3158,0.0,0.4218
LI4391709172,1.9084,0.0,0.6667,0.0,0.464
LI4437100474,2.1472,0.0,0.25,0.0,0.5282
LI4288926117,0.0,0.0,0.4,0.0,0.67
LI4430286548,0.2433,0.0,0.6,0.0,0.6105
LI4389222803,1.4493,0.0,0.7143,0.0,0.4912
LI4424366187,3.4286,0.5714,0.625,0.0,0.446
LI4436300981,0.0,0.0,0.6,0.0,0.63
LI4436398751,2.4194,0.0,0.5,0.0,0.4565
LI4428033013,7.4766,0.9346,0.7143,0.0,0.3629
LI4412340196,2.2298,0.1715,0.5,0.0,0.5002
LI4426806382,0.1786,0.0,0.4444,0.0,0.6468
LI4430613601,0.0,0.0,0.5,0.0,0.65
LI4401639906,2.7344,0.3906,0.5714,0.0,0.4821
LI4421929814,1.032,0.0,0.9333,0.0,0.4808
LI4300708794,3.8674,0.5525,0.9091,0.0,0.3509
LI4401673965,2.7344,0.3906,0.5714,0.0,0.4821
LI4424354198,1.1364,0.0,0.7333,0.0,0.5124
LI4432254380,7.326,0.3663,0.875,0.0,0.2361
LI4417067332,1.1628,0.0,0.4545,0.0,0.5661
LI4432327967,4.4199,0.0,0.5263,0.0,0.2911
LI4428441551,3.5714,0.0,0.5,0.0741,0.3532
LI4371894374,4.8507,0.7463,0.875,0.0,0.3113
LI4433895436,0.0,0.0,0.5833,0.0,0.6333
LI4372102046,4.8148,0.7407,0.875,0.0,0.3133
LI4341764606,0.0,0.0,0.5,0.0,0.65
LI4436417065,2.4194,0.0,0.5,0.0,0.4565
LI4409278208,1.8116,0.0,0.4286,0.0,0.5194
LI4436090639,1.8293,0.0,0.5,0.0,0.5037
LI4367949006,1.2658,0.0,0.5,0.0,0.5487
LI4314588566,0.9091,0.202,0.6,0.0,0.5909
LI4418955962,5.0157,0.3135,0.75,0.0,0.2522
LI4421080436,2.0958,0.0,0.7273,0.0,0.4369
LI4420140045,2.2936,0.0,0.3333,0.0,0.4998
LI4428239567,2.7624,0.2762,0.6667,0.0,0.4417
LI4429130181,1.7986,0.1799,0.8462,0.0,0.4669
LI4433195196,0.9311,0.0,0.625,0.0,0.5505
LI4408816727,4.2328,0.0,0.4,0.0,0.3314
LI4347741969,0.0,0.3774,0.5,0.0,0.7129
LI4431855036,3.9861,0.0,0.8571,0.0,0.2597
LI4371897313,4.8148,0.7407,0.875,0.0,0.3133
LI4371881980,4.8148,0.7407,0.875,0.0,0.3133
LI4436441593,1.3201,0.0,0.5,0.0,0.5444
LI4426035904,1.9231,0.4121,0.6667,0.5439,0.4499
LI4372101041,4.8148,0.7407,0.875,0.0,0.3133
LI4371876998,4.7794,0.7353,0.875,0.0,0.3152
LI4430998396,0.9288,0.0,0.4444,0.0,0.5868
LI4430850532,3.0,0.0,0.7273,0.0,0.3645
LI4380165441,0.3731,0.0,0.5455,0.0,0.6111
LI4371899052,4.797,0.738,0.875,0.0,0.3142
LI4371880956,4.797,0.738,0.875,0.0,0.3142
LI4400425867,2.4096,0.0,0.4545,0.0,0.4663
LI4371881984,4.7794,0.7353,0.875,0.0,0.3152
LI4393517722,2.8777,0.0,0.5385,0.0,0.4121
LI4431205115,2.7132,0.1938,0.6667,0.0,0.4319
LI4433888855,0.0,0.0,0.5,0.0,0.65
LI4433374352,0.0,0.0,0.5556,0.0,0.6389
LI4433356742,0.0,0.0,0.5556,0.0,0.6389
LI4423133429,0.7299,0.292,0.7778,0.0,0.5847
LI4433373344,0.0,0.0,0.5556,0.0,0.6389
LI4306114564,2.0134,0.0,0.6667,0.0,0.4556
LI4433370418,0.0,0.0,0.5556,0.0,0.6389
LI4429095652,5.7554,0.0,0.5,0.0,0.25
LI4418118283,0.0,0.0,0.5,0.0,0.65
LI4418115471,0.0,0.0,0.5,0.0,0.65
LI4415284711,2.0731,0.0,0.7727,0.0,0.4296
LI4433362669,0.0,0.0,0.5556,0.0,0.6389
LI4436031374,5.0209,0.0,0.6667,0.0,0.2167
LI4430416130,3.5264,0.0,0.8462,0.0,0.2987
LI4433360701,0.0,0.0,0.5556,0.0,0.6389
LI4423539304,0.0,0.0,0.5,0.0,0.65
LI4406149195,0.4172,0.0,0.8462,0.0,0.5474
LI4413211391,0.4016,0.2008,0.2778,0.0,0.6958
LI4414680994,0.8306,0.0,0.2727,0.0,0.629
LI4401720923,1.4286,0.0,0.7778,0.0,0.4802
LI4431584968,2.9557,0.0,0.125,0.0,0.4885
LI4431720137,5.5777,0.3984,0.8182,0.0,0.2528
LI4369069660,0.0,0.0,0.5,0.0,0.65
LI4430193350,0.7353,0.0,0.7692,0.0,0.5373
LI4261056570,3.7099,0.0,0.7692,0.0,0.2994
LI4436097483,1.8293,0.0,0.5,0.0,0.5037
LI4424480555,1.6317,0.0,0.8182,0.0,0.4558
LI4426867343,2.1898,0.365,0.5714,0.0,0.5214
LI4399642637,3.1034,0.0862,0.5,0.0,0.4161
LI4379627081,0.8872,0.0,0.7692,0.0,0.5252
LI4427547665,2.6786,0.0,0.7,0.0,0.3957
LI4433716486,0.25,0.0,0.6,0.0,0.61
LI4417229883,1.8104,0.1065,0.8947,0.0,0.444
LI4431247469,0.3883,0.0,0.5833,0.0,0.6023
LI4431769267,1.4778,0.0,0.5,0.0,0.5318
LI4409375497,1.9608,0.2179,0.6,0.0,0.5094
LI4345425442,0.2994,0.8982,0.5714,0.0,0.7615
LI4436398752,2.4194,0.0,0.5,0.0,0.4565
LI4430393407,0.3846,0.1923,0.6364,0.0,0.624
LI4427163833,0.487,0.1623,0.6667,0.0,0.6048
LI4423147476,1.9455,0.0,0.7,0.0,0.4544
LI4369744795,7.3394,0.0,0.75,0.0,0.2
LI4411149120,3.1746,0.0,0.9091,0.0,0.3142
LI4437489185,0.0,0.4132,0.6,0.0,0.6989
LI4432581331,0.9662,0.0,0.6667,0.0,0.5394
LI4276115773,0.3279,0.0,0.5714,0.0,0.6095
LI4410017874,0.0,0.5731,0.8,0.0,0.6855
LI4414155729,3.1496,0.1969,0.65,0.0,0.4008
LI4431230672,1.9608,0.3922,0.5,0.0,0.5585
LI4426490203,14.1361,0.5236,0.7778,0.0,0.2817
LI4434221716,0.8415,0.1403,0.6786,0.0,0.5703
LI4420479821,2.1552,0.431,0.5,0.0,0.5494
LI4336012603,0.0,0.0,0.5833,0.0,0.6333
LI4367430221,0.0,0.0,0.6154,0.0,0.6269
LI4397169437,0.0,0.4202,0.5385,0.0,0.7123
LI4359400724,0.0,0.0,0.5,0.0,0.65
LI4436374723,0.0,0.0,0.5,0.0,0.65
LI4435512153,1.2587,0.1399,0.5,0.0,0.5726
LI4361289422,0.0,0.0,0.6667,0.0,0.6167
LI4426974500,0.1266,0.1266,0.5882,0.0,0.6433
LI4430458664,1.0,0.3333,0.6667,0.0,0.5922
LI4433855427,1.1034,0.0,0.7222,0.0,0.5173
LI4417039459,7.4766,0.3115,0.7778,0.0,0.2464
LI4418728636,2.7199,0.272,0.5333,0.0,0.4711
LI4426966549,0.7082,0.2833,0.6,0.0,0.6206
LI4432583089,0.4963,0.0,0.7,0.0,0.5703
LI4421923519,3.1332,0.0,0.8182,0.0,0.3357
LI4428192415,0.9772,0.6515,0.75,0.0,0.6304
LI4432794420,1.8336,0.141,0.619,0.0,0.503
LI4336594038,0.4065,0.0,0.5,0.0,0.6175
LI4428539210,7.2519,0.3817,0.875,0.0,0.2386
LI4339184337,1.5326,0.0,0.4286,0.0,0.5417
LI4432596432,1.2522,0.1789,0.6667,0.0,0.5463
LI4434295443,2.3769,0.5093,0.8333,0.0,0.4781
LI4436702583,1.6427,0.0,0.6923,0.0,0.4801
LI4432257227,2.1277,0.0,0.5,0.2069,0.4488
LI4343186877,0.0,0.0,0.375,0.0,0.675
LI4413569260,1.3289,0.3322,0.9,0.0,0.5191
LI4416064535,3.3898,1.6949,0.5714,0.0,0.6145
LI4413762643,0.7339,0.0,0.875,0.0,0.5163
LI4398013685,1.6949,0.0,0.7778,0.0,0.4589
LI4419606439,0.0,0.0,0.4545,0.0,0.6591
LI4337395804,0.3472,0.0,0.8,0.0,0.5622
LI4369428885,1.1976,0.0,0.6667,0.0,0.5209
LI4416067484,3.3898,1.6949,0.5714,0.0,0.6145
LI4436771658,0.3096,0.6192,0.5,0.0,0.7284
LI4436765868,0.3096,0.6192,0.5,0.0,0.7284
LI4436779423,0.3096,0.6192,0.5,0.0,0.7284
LI4436777503,0.3096,0.6192,0.5,0.0,0.7284
LI4420997310,0.0,0.0,0.4286,0.0,0.6643
LI4436366589,0.3778,0.0,0.8235,0.0,0.5551
LI4435837799,0.0,0.0,0.7,0.0,0.61
LI4382103579,0.3759,0.0,0.5,0.0,0.6199
LI4430891267,1.4199,0.0,0.5,0.0208,0.5333
LI4432245014,4.2424,0.0,0.5,0.25,0.2731
LI4280915302,0.3759,0.0,0.5714,0.0,0.6056
LI4433375514,0.0,0.0,0.5556,0.0,0.6389
LI4361536314,0.3436,0.0,0.5,0.0,0.6225
LI4436762983,0.3096,0.6192,0.5,0.0,0.7284
LI4400569459,0.0,0.0,0.5556,0.0,0.6389
LI4433887886,0.0,0.0,0.375,0.0,0.675
LI4436778452,0.0,0.0,0.4444,0.0,0.6611
LI4414289913,0.0,0.0,0.7,0.0,0.61
LI4436370883,0.0,0.0,0.5,0.0,0.65
LI4361621834,0.0,0.0,0.5,0.0,0.65
LI4293702556,0.431,0.0,0.7,0.0,0.5755
LI4434002129,0.0,0.0,0.375,0.0,0.675
LI4419473676,0.0,0.0,0.4444,0.0,0.6611
LI4434058578,0.3356,0.0,0.5556,0.0,0.612
LI4430106054,0.0,0.0,0.6,0.0,0.63
LI4361346470,0.0,0.3165,0.4286,0.0,0.717
LI4434069026,0.0,0.0,0.5,0.0,0.65
LI4361641701,0.0,0.0,0.375,0.0,0.675
LI4423538265,1.7544,0.0,0.4545,0.0,0.5187
LI4436336034,2.2581,0.0,0.375,0.0,0.4944
LI4430438743,0.9317,0.0,0.5455,0.0,0.5664
LI4427126296,0.0,0.0,0.5455,0.0,0.6409
LI4434729467,0.0,0.3257,0.7,0.0,0.6643
LI4294354997,0.0,0.0,0.5455,0.0,0.6409
LI4405456877,1.8587,0.0,0.5455,0.0,0.4922
LI4293497910,0.431,0.0,0.7,0.0,0.5755
LI4341704760,0.0,0.0,0.5455,0.0,0.6409
LI4434915138,0.0,0.0,0.4444,0.0,0.6611
LI4434725600,0.0,0.0,0.375,0.0,0.675
LI4430713279,0.0,0.0,0.5,0.0,0.65
LI4436089917,2.8037,0.0,0.8182,0.0,0.3621
LI4432388048,0.0,0.0,0.4444,0.0,0.6611
LI4437486243,0.0,0.4329,0.75,0.0,0.6722
LI4426959618,1.0323,0.129,0.5,0.0,0.5889
LI4437473893,0.0,0.4329,0.75,0.0,0.6722
LI4426966085,2.6316,0.0,0.5,0.0,0.4395
LI4434287753,0.0,0.2941,0.7143,0.0,0.6562
LI4426962583,0.5602,0.1401,0.4375,0.0,0.641
LI4419109681,3.4826,0.0,0.875,0.0,0.2964
LI4385124699,0.4098,0.0,0.5455,0.0,0.6081
LI4433373326,0.0,0.0,0.375,0.0,0.675
LI4308456299,1.5504,0.0,0.4286,0.0,0.5403
LI4433373330,0.0,0.0,0.375,0.0,0.675
LI4425068973,9.8039,0.0,0.5,0.75,0.1375
LI4367323940,0.0,0.0,0.5833,0.0,0.6333
LI4405646317,0.2225,0.0,0.8636,0.0,0.5595
LI4422781657,1.3158,0.0,0.1111,0.0,0.6225
LI4436306072,4.3902,0.0,0.7857,0.0,0.2416
LI4343277400,0.2685,0.0,0.7941,0.0,0.5697
LI4343129336,0.2685,0.0,0.7941,0.0,0.5697
LI4343149328,0.2685,0.0,0.7941,0.0,0.5697
LI4343099550,0.2685,0.0,0.7941,0.0,0.5697
LI4343069675,0.2685,0.0,0.7941,0.0,0.5697
LI4343089486,0.2685,0.0,0.7941,0.0,0.5697
LI4399229950,1.7668,0.0,0.4,0.0,0.5287
LI4432956986,9.2593,0.0,0.5,0.0,0.25
LI4433372383,0.0,0.0,0.375,0.0,0.675
LI4433354774,0.0,0.0,0.375,0.0,0.675
LI4433356755,0.0,0.0,0.375,0.0,0.675
LI4433365540,0.0,0.0,0.375,0.0,0.675
LI4422270239,0.0,0.0,0.125,0.0,0.725
LI4410769154,0.0,0.0,0.5,0.0,0.65
LI4387256923,0.3704,0.3704,0.6364,0.0,0.6548
LI4249315561,3.9568,0.0,0.7143,0.0,0.2906
LI4433377214,0.0,0.0,0.375,0.0,0.675
LI4437156663,3.9448,0.0,0.6667,0.0,0.3011
LI4434294457,3.4667,0.0,0.6667,0.0,0.3393
LI4431319135,0.5479,0.274,0.7,0.0,0.6118
LI4343119333,0.2685,0.0,0.7941,0.0,0.5697
LI4412000124,1.9943,0.095,0.5556,0.0,0.4952
LI4428254512,1.0169,0.0,0.7,0.0,0.5286
LI4433360704,0.0,0.0,0.375,0.0,0.675
LI4433356760,0.0,0.0,0.375,0.0,0.675
LI4435212324,1.5769,0.0,0.6667,0.0,0.4905
LI4437481396,0.0,0.4329,0.75,0.0,0.6722
LI4430157576,0.0,0.6329,0.3333,0.0,0.7888
LI4433888859,0.0,0.0,0.5,0.0,0.65
LI4433357849,0.0,0.0,0.375,0.0,0.675
LI4427051867,0.0,0.3058,0.5,0.0,0.701
LI4434006026,0.0,0.3623,0.75,0.0,0.6604
LI4431312491,0.5479,0.274,0.7,0.0,0.6118
LI4437427780,0.0,0.0,0.5556,0.0,0.6389
LI4431314202,0.5479,0.274,0.7,0.0,0.6118
LI4427958387,1.5974,0.0,0.625,0.0,0.4972
LI4436391189,0.0,0.0,0.4444,0.0,0.6611
LI4345831350,0.0,0.692,0.625,0.0,0.7403
LI4411201781,2.4038,0.0,0.6842,0.0,0.4209
LI4362724520,2.8269,0.0,0.4286,0.0,0.4381
LI4436771637,0.0,0.3344,0.5,0.0,0.7057
LI4434005060,0.0,0.0,0.4286,0.0,0.6643
LI4414968605,0.0,0.0,0.4,0.0,0.67
LI4349371626,0.0,0.0,0.4444,0.0,0.6611
LI4436786005,0.0,0.0,0.4,0.0,0.67
LI4362365783,0.0,0.0,0.5833,0.0,0.6333
LI4436321513,0.0,0.0,0.4444,0.0,0.6611
LI4416906970,0.0,0.0,0.6364,0.0,0.6227
LI4436371907,0.0,0.0,0.4444,0.0,0.6611
LI4427965282,1.5974,0.0,0.625,0.0,0.4972
LI4434055628,0.0,0.0,0.5833,0.0,0.6333
LI4427059579,1.0381,0.0,0.5714,0.0,0.5527
LI4436777489,0.0,0.3344,0.5714,0.0,0.6915
LI4338948923,0.0,0.0,0.5,0.0,0.65
LI4436390237,0.0,0.0,0.5,0.0,0.65
LI4436376689,0.0,0.0,0.4444,0.0,0.6611
LI4390613538,1.0345,0.0,0.5,0.0,0.5672
LI4436388300,0.0,0.3067,0.4444,0.0,0.7122
LI4431931433,0.0,0.0,0.75,0.0,0.6
LI4412192994,0.0,0.0,0.7,0.0,0.61
LI4361297451,0.0,0.3125,0.2857,0.0,0.7449
LI4343119370,0.2685,0.0,0.7941,0.0,0.5697
LI4367436123,1.3468,0.0,0.7,0.0,0.5023
LI4429734663,1.5152,0.303,0.4444,0.0,0.5904
LI4343228909,0.2685,0.0,0.7941,0.0,0.5697
LI4343248925,0.2685,0.0,0.7941,0.0,0.5697
LI4343198949,0.2685,0.0,0.7941,0.0,0.5697
LI4389774452,0.3175,0.0,0.4,0.0,0.6446
LI4314847707,0.0,0.2941,0.6364,0.0,0.6717
LI4343159193,0.2685,0.0,0.7941,0.0,0.5697
LI4404786843,4.2672,0.0,0.6111,0.0,0.2864
LI4419470675,0.0,0.0,0.4444,0.0,0.6611
LI4315354819,3.0303,0.0,0.6667,0.0,0.3742
LI4436508608,1.0551,0.1172,0.4583,0.0,0.5935
LI4353663500,0.1073,0.0,0.4286,0.0,0.6557
LI4435120541,1.7921,0.0,0.4444,0.0,0.5177
LI4099691164,1.626,0.0,0.5714,0.0,0.5056
LI4434432407,1.2522,0.1789,0.6667,0.0,0.5463
LI4437164730,0.0,0.0,0.375,0.0,0.675
LI4346596989,7.8947,0.0,0.7,0.0,0.21
LI4435047105,1.9386,0.3231,0.5625,0.0,0.5363
LI4425823492,0.8671,0.0,0.6667,0.0,0.5473
LI4394362824,0.0,0.0,0.25,0.0,0.7
LI4422890184,1.827,0.0,0.5,0.0,0.5038
LI4435040466,2.3697,0.0,0.7692,0.0,0.4066
LI4353044251,0.6148,0.0,0.3125,0.0,0.6383
LI4407545567,0.0,0.346,0.5,0.0,0.7077
LI4400631750,0.0,0.0,0.5,0.0,0.65
LI4404677395,0.2882,0.0,0.8,0.0,0.5669
LI4429026908,1.295,0.1439,0.6364,0.0,0.5431
LI4430156605,0.0,0.0,0.5714,0.0,0.6357
LI4371894376,0.0,0.0,0.5455,0.0,0.6409
LI4429028052,0.0,0.0,0.75,0.0,0.6
LI4418447156,1.6949,0.4237,0.6364,0.0,0.5578
LI4433898229,0.0,0.0,0.5,0.0,0.65
LI4334315695,0.3623,0.0,0.375,0.0,0.646
LI4434047894,0.0,0.0,0.375,0.0,0.675
LI4362976381,1.25,0.0,0.5833,0.0,0.5333
LI4430375715,0.4658,0.0,0.7727,0.0,0.5582
LI4434068014,0.0,0.0,0.4444,0.0,0.6611
LI4434058575,0.0,0.0,0.375,0.0,0.675
LI4356184821,0.678,0.0,0.625,0.0,0.5708
LI4426571557,1.2739,0.0,0.5,0.0,0.5481
LI4393521540,1.2422,0.0,0.5556,0.0,0.5395
LI4408066374,0.0,0.0,0.5,0.0,0.65
LI4433575128,6.1224,0.0,0.7143,0.0,0.2071
LI4436323609,0.0,0.0,0.375,0.0,0.675
LI4426560832,1.2739,0.0,0.5,0.0,0.5481
LI4337172535,1.845,0.0,0.5,0.0,0.5024
LI4420135233,0.0,0.0,0.5,0.0,0.65
LI4404293766,2.8302,0.0,0.5,0.0,0.4236
LI4434715950,0.0,0.0,0.4444,0.0,0.6611
LI4374257366,0.8982,0.0,0.7059,0.0,0.537
LI4426544933,1.2739,0.0,0.5,0.0,0.5481
LI4435046964,0.9868,0.0,0.75,0.0,0.5211
LI4390318376,1.2903,0.0,0.8333,0.0,0.4801
LI4363686022,2.9963,0.0,0.5714,0.0,0.396
LI4337767805,1.7921,0.3584,0.4,0.0,0.5864
LI4334540716,0.0,0.0,0.4286,0.0,0.6643
LI4366380278,3.4483,0.0,0.7778,0.0,0.3186
LI4420126406,0.0,0.0,0.5,0.0,0.65
LI4366368542,3.4483,0.0,0.7778,0.0,0.3186
LI4366378310,3.4483,0.0,0.7778,0.0,0.3186
LI4432815905,3.1373,0.0,0.5,0.0,0.399
LI4366367576,3.4483,0.0,0.7778,0.0,0.3186
LI4383773086,0.0,0.0,0.375,0.0,0.675
LI4433889945,0.0,0.0,0.4444,0.0,0.6611
LI4428191376,1.0101,0.0,0.625,0.0,0.5442
LI4434046935,0.9868,0.0,0.375,0.0,0.5961
LI4399897962,1.2821,0.1603,0.6667,0.0,0.5408
LI4436768713,0.0,0.0,0.5714,0.0,0.6357
LI4436778448,0.0,0.0,0.5714,0.0,0.6357
LI4403122473,1.4235,0.0,0.5,0.0,0.5361
LI4433891808,1.5773,0.0,0.5556,0.0,0.5127
LI4433890906,1.5773,0.0,0.5556,0.0,0.5127
LI4432578122,0.0,0.0,0.375,0.0,0.675
LI4434067122,0.9868,0.0,0.375,0.0,0.5961
LI4419832997,0.0,0.0,0.375,0.0,0.675
LI4428719293,1.0101,0.0,0.5,0.0,0.5692
LI4271621751,0.7692,0.0,0.5455,0.0,0.5794
LI4383762421,1.626,0.0,0.5455,0.0,0.5108
LI4433845748,4.2857,0.0,0.8,0.0,0.2471
LI4436776415,0.0,0.0,0.5714,0.0,0.6357
LI4433822809,2.1583,0.0,0.5,0.0,0.4773
LI4436779426,0.0,0.0,0.5714,0.0,0.6357
LI4434054751,1.4493,0.0,0.5,0.0,0.5341
LI4434062515,0.9868,0.0,0.375,0.0,0.5961
LI4436776454,0.0,0.0,0.375,0.0,0.675
LI4434052745,0.0,0.0,0.4286,0.0,0.6643
LI4434055642,1.4493,0.0,0.5,0.0,0.5341
LI4432040838,1.5723,0.3145,0.6,0.0,0.5566
LI4407921126,0.939,0.0,0.25,0.0,0.6249
LI4410273250,0.0,0.0,0.4167,0.0,0.6667
LI4435207852,1.2848,0.0,0.6667,0.0,0.5139
LI4413358856,1.2012,0.1502,0.6154,0.0,0.5559
LI4353124234,1.0274,0.0,0.5455,0.0,0.5587
LI4087202535,5.9322,0.0,0.75,0.0,0.2
LI4433887895,0.0,0.0,0.5,0.0,0.65
LI4433893674,0.0,0.0,0.5,0.0,0.65
LI4346121454,0.0,0.0,0.7273,0.0,0.6045
LI4383765305,0.0,0.0,0.375,0.0,0.675
LI4433893661,0.0,0.0,0.5,0.0,0.65
LI4427406195,0.3807,0.2538,0.6154,0.0,0.6388
LI4310871124,0.0,0.3745,0.5833,0.0,0.6958
LI4390353557,0.0,0.0,0.4286,0.0,0.6643
LI4402047987,0.0,0.0,0.5556,0.0,0.6389
LI4289959180,2.349,0.0,0.6667,0.0,0.4287
LI4415258642,0.3571,0.0,0.5714,0.0,0.6071
LI4436182264,0.0,0.0,0.6,0.0,0.63
LI4436183266,0.0,0.4132,0.4545,0.0,0.728
LI4411224462,0.4032,0.2016,0.6154,0.0,0.6283
LI4375670310,0.0,0.0,0.5556,0.0,0.6389
LI4281441958,0.0,0.3906,0.4545,0.0,0.7242
LI4310413759,4.7619,0.7326,0.875,0.0,0.3161
LI4411233137,0.0,0.3268,0.5556,0.0,0.6934
LI4433888870,0.0,0.0,0.5,0.0,0.65
LI4419908728,0.361,0.0,0.6667,0.0,0.5878
LI4409201973,0.9375,0.0,0.5714,0.0,0.5607
LI4366365576,3.4483,0.0,0.7778,0.0,0.3186
LI4423898788,3.719,0.0,0.7778,0.0,0.2969
LI4281448124,0.0,0.3906,0.4545,0.0,0.7242
LI4427391687,5.4307,0.1873,0.6,0.0,0.2612
LI4375454852,1.0453,0.0,0.6,0.0,0.5464
LI4427534037,7.0588,0.2941,0.8,0.8824,0.1067
LI4434069044,0.9494,0.0,0.4,0.0,0.5941
LI4400636588,0.0,0.3067,0.375,0.0,0.7261
LI4434720827,0.0,0.0,0.375,0.0,0.675
LI4286834690,2.6398,0.1553,0.2,0.0,0.5247
LI4361595236,0.9231,0.3077,0.1667,0.0,0.6941
LI4437153799,4.0788,0.1406,0.8,0.0,0.2871
LI4419907717,0.0,0.0,0.6,0.0,0.63
LI4139842127,4.7184,0.1522,0.6667,0.0,0.2646
LI4418757421,3.7109,0.1953,0.7333,0.0,0.339
LI4399776115,2.0062,0.0,0.5385,0.0,0.4818
LI4402688266,5.8824,0.0,0.5714,0.0,0.2357
LI4436090246,1.2365,0.3091,0.6471,0.0,0.5732
LI4398938547,0.0,0.4167,0.7,0.0,0.6794
LI4425602803,2.2727,0.0,0.7143,0.0,0.4253
LI4060903567,4.6154,0.7692,0.8,0.0,0.349
LI4404918788,0.0,0.2967,0.3333,0.0,0.7328
LI4078492078,1.5504,0.0,0.6,0.0,0.506
LI4434653769,1.0695,0.0,0.4615,0.0,0.5721
LI4423128956,1.9753,0.0,0.4444,0.0,0.5031
LI4418553786,1.1799,0.295,0.8,0.0,0.5448
LI4336983391,0.0,0.3175,0.5,0.0,0.7029
LI4437166121,4.0788,0.1406,0.8,0.0,0.2871
LI4400243259,0.0,0.0,0.625,0.0,0.625
LI4415512832,0.0,0.0,0.375,0.0,0.675
LI4434005064,0.9836,0.0,0.5,0.0,0.5713
LI4415513829,0.0,0.0,0.375,0.0,0.675
LI4419906701,0.0,0.0,0.5,0.0,0.65
LI4405892731,0.0,0.0,0.5,0.0,0.65
LI4429101687,1.4925,0.0,0.75,0.0,0.4806
LI4416273858,1.2945,0.3236,0.7,0.0,0.5604
LI4406456529,1.267,0.181,0.5625,0.0,0.5663
LI4432777388,0.0,0.0,0.5714,0.0,0.6357
LI4429046198,8.0,1.0,0.5,0.0,0.4167
LI4432771508,0.0,0.0,0.5714,0.0,0.6357
LI4432779326,0.0,0.0,0.5714,0.0,0.6357
LI4416447583,3.6923,0.0,0.375,0.0,0.3796
LI4436763997,0.0,0.0,0.4444,0.0,0.6611
LI4426916939,3.4653,0.0,0.5714,0.0,0.3585
LI4344854950,4.8327,0.7435,0.875,0.0,0.3123
LI4248974185,0.361,0.0,0.25,0.0,0.6711
LI4306114556,10.3175,0.0,0.5,0.0,0.25
LI4414904759,3.1008,0.0,0.8,0.0,0.3419
LI4421940715,0.9335,0.1167,0.9091,0.0,0.513
LI4437435430,0.0,0.0,0.6,0.0,0.63
LI4428839991,2.6415,0.0,0.6364,0.0526,0.4035
LI4371516951,1.0324,0.0,0.625,0.0,0.5424
LI4430479363,3.038,0.2532,0.6923,0.0,0.4107
LI4373623706,2.7174,0.0,0.6667,0.0,0.3993
LI4395032401,2.1716,0.1086,0.5333,0.0,0.4877
LI4436456011,0.432,0.0,0.8,0.0,0.5554
LI4432645531,0.9375,0.0,0.75,0.0,0.525
LI4436707398,1.0189,0.0,0.5263,0.0,0.5632
LI4401636978,1.0601,0.3534,0.6667,0.0,0.5908
LI4393270751,0.0,0.0,0.5,0.0,0.65
LI4306134088,3.2787,0.0,0.5,0.0,0.3877
LI4409375306,1.087,0.0,0.4286,0.0,0.5773
LI4352870573,0.7042,0.0,0.3333,0.0,0.627
LI4432429586,1.1933,0.0,0.7368,0.0,0.5072
LI4429153127,2.0478,0.0,0.75,0.0,0.4362
LI4433625496,0.0,0.0,0.6667,0.0,0.6167
LI4406467577,3.2934,0.0,0.8182,0.0,0.3229
LI4430961930,1.6949,0.1211,0.5625,0.0,0.5221
LI4412318829,2.1739,0.0,0.8333,0.0,0.4094
LI4400244176,0.9772,0.0,0.6667,0.0,0.5385
LI4431597272,0.4167,0.0,0.5556,0.0,0.6056
LI4413758973,1.5385,0.3846,0.2,0.0,0.651
LI4304679799,0.3831,0.0,0.5,0.0,0.6193
LI4433898256,0.0,0.0,0.375,0.0,0.675
LI4432368320,4.1835,0.5398,0.6364,0.0,0.378
LI4382993780,0.0,0.0,0.6,0.0,0.63
LI4387690916,0.0,0.0,0.4,0.0,0.67
LI4433885954,0.0,0.0,0.375,0.0,0.675
LI4409360669,1.5707,0.0,0.5714,0.0,0.5101
LI4323326358,0.0,0.0,0.7143,0.0,0.6071
LI4433892706,0.0,0.0,0.375,0.0,0.675
LI4323236529,0.0,0.0,0.7143,0.0,0.6071
LI4432963687,1.2146,0.0,0.5714,0.0,0.5385
LI4424951126,1.0563,0.3521,0.6364,0.0,0.5969
LI4344676107,0.3448,0.0,0.5,0.0,0.6224
LI4433375272,0.0,0.3135,0.4444,0.0,0.7134
LI4334275863,2.7132,0.0,0.5,0.0,0.4329
LI4433542186,3.7175,0.0,0.625,0.0,0.3276
LI4434728480,0.0,0.3067,0.4444,0.0,0.7122
LI4371880958,4.8689,0.7491,0.875,0.0,0.3103
LI4335117198,0.431,0.0,0.7,0.0,0.5755
LI4427956399,0.0,0.3067,0.4,0.0,0.7211
LI4434726568,0.0,0.3067,0.4444,0.0,0.7122
LI4419912663,0.8571,0.0,0.6875,0.0,0.5439
LI4434730437,1.6234,0.0,0.5,0.0,0.5201
LI4384802144,0.0,0.0,0.5455,0.0,0.6409
LI4430999342,0.0,0.0,0.5455,0.0,0.6409
LI4364343762,0.0,0.0,0.5833,0.0,0.6333
LI4431766043,0.5556,0.0,0.6364,0.0,0.5783
LI4433890887,0.0,0.0,0.375,0.0,0.675
LI4433896406,0.0,0.0,0.3333,0.0,0.6833
LI4427675577,0.0,0.2865,0.4286,0.0,0.712
LI4430711350,0.0,0.0,0.5,0.0,0.65
LI4436778444,0.0,0.0,0.375,0.0,0.675
LI4437177372,0.0,0.3155,0.4545,0.0,0.7117
LI4419900958,0.0,0.3236,0.4444,0.0,0.715
LI4436773562,0.0,0.0,0.375,0.0,0.675
LI4436776418,0.0,0.0,0.375,0.0,0.675
LI4402516592,2.4272,0.0,0.5455,0.0,0.4467
LI4417768801,0.7519,0.2506,0.5,0.0,0.6316
LI4434716961,0.0,0.3067,0.4444,0.0,0.7122
LI4422466340,0.365,0.365,0.625,0.0,0.6566
LI4436382470,0.0,0.0,0.375,0.0,0.675
LI4418252573,0.759,0.3795,0.8889,0.0,0.5748
LI4429652118,2.1077,0.2342,0.5,0.0,0.5204
LI4422386871,1.8868,0.566,0.6667,0.0,0.5601
LI4437165180,4.0788,0.1406,0.8,0.0,0.2871
LI4436763999,0.0,0.0,0.375,0.0,0.675
LI4401726777,0.0,0.0,0.6667,0.0,0.6167
LI4331164515,0.5181,0.0,0.7,0.0,0.5685
LI4427437389,2.6266,0.0,0.7778,0.0,0.3843
LI4392261976,1.8116,0.0,0.6,0.0,0.4851
LI4323436105,0.0,0.0,0.7143,0.0,0.6071
LI4416277812,0.4082,0.0,0.6667,0.0,0.584
LI4323376253,0.0,0.0,0.7143,0.0,0.6071
LI4431936428,0.0,0.0,0.4286,0.0,0.6643
LI4421265398,0.0,0.3831,0.6,0.0,0.6939
LI4334540712,0.3953,0.0,0.4286,0.0,0.6327
LI4431928572,0.0,0.0,0.375,0.0,0.675
LI4434279608,4.1322,0.2755,0.6667,0.0,0.332
LI4428841062,0.0,0.0,0.375,0.0,0.675
LI4413041041,0.726,0.242,0.3571,0.0,0.6608
LI4373807131,1.087,0.0,0.5714,0.0,0.5488
LI4423125489,0.7299,0.292,0.7778,0.0,0.5847
LI4433537328,0.0,0.0,0.5714,0.0,0.6357
LI4434004096,0.9901,0.0,0.5,0.0,0.5708
LI4323436106,0.0,0.0,0.7143,0.0,0.6071
LI4433892718,0.9901,0.0,0.5,0.0,0.5708
LI4415527182,0.0,0.0,0.6,0.0,0.63
LI4434005075,0.0,0.0,0.375,0.0,0.675
LI4433883968,0.0,0.0,0.375,0.0,0.675
LI4424754028,6.1372,0.0,0.6,0.0,0.23
LI4426243126,8.8435,0.0,0.8,0.0,0.19
LI4432583482,0.9662,0.0,0.6667,0.0,0.5394
LI4371885830,4.8689,0.7491,0.875,0.0,0.3103
LI4428293827,1.2461,0.0,0.4444,0.0,0.5614
LI4428677933,6.5217,0.0,0.5714,0.0,0.2357
LI4428241793,0.6098,0.0,0.5556,0.0,0.5901
LI4395109023,2.7855,0.0,0.3333,0.0,0.4605
LI4434053673,0.0,0.0,0.6667,0.0,0.6167
LI4427961250,0.8493,0.2123,0.8889,0.0,0.5397
LI4382803636,1.1647,0.0,0.4667,0.0,0.5635
LI4436095465,2.5547,0.365,0.4286,0.0,0.5207
LI4425625682,1.0941,0.2188,0.6667,0.0,0.5656
LI4432522332,0.8917,0.3822,0.6667,0.0,0.609
LI4413405167,1.107,0.0,0.8571,0.0,0.49
LI4401655230,3.3113,0.0,0.5714,0.0,0.3708
LI4399506621,1.359,0.1133,0.5455,0.0,0.5511
LI4283357518,1.7375,0.0,0.4286,0.0,0.5253
LI4436394303,2.0408,0.4082,0.5,0.0,0.5548
LI4404352861,6.2016,0.0,0.8,0.0,0.19
LI4429306328,0.4431,0.0,0.3158,0.0,0.6514
LI4412736946,0.9563,0.1366,0.625,0.0,0.5713
LI4432800172,1.2739,0.0,0.8889,0.0,0.4703
LI4435318188,2.2968,0.0,0.6,0.0,0.4463
LI4431311972,1.3245,0.4415,0.6471,0.0,0.5882
LI4420723015,0.5474,0.0,0.75,0.0,0.5562
LI4368431355,1.5945,0.0,0.5556,0.0,0.5113
LI4432577567,0.9662,0.0,0.6667,0.0,0.5394
LI4434712049,3.1042,0.6652,0.8,0.0,0.4525
LI4433375271,0.0,0.0,0.6667,0.0,0.6167
LI4433354779,0.0,0.0,0.6667,0.0,0.6167
LI4433361738,0.0,0.0,0.6667,0.0,0.6167
LI4387857574,1.487,0.0,0.6667,0.0,0.4977
LI4387859560,1.487,0.0,0.6667,0.0,0.4977
LI4433897323,0.0,0.0,0.6667,0.0,0.6167
LI4433883975,0.0,0.0,0.6667,0.0,0.6167
LI4434001239,0.0,0.0,0.6667,0.0,0.6167
LI4373595759,0.3413,0.0,0.6923,0.0,0.5842
LI4401034791,0.8658,0.0,0.5833,0.0,0.5641
LI4430408583,1.1928,0.1988,0.8,0.0,0.5277
LI4433373354,0.0,0.0,0.6667,0.0,0.6167
LI4409602451,0.0,0.0,0.6,0.0,0.63
LI4433358719,0.0,0.0,0.6667,0.0,0.6167
LI4337375817,0.0,0.0,0.5714,0.0,0.6357
LI4433363643,0.0,0.0,0.6667,0.0,0.6167
LI4232601133,0.4149,0.0,0.25,0.0,0.6668
LI4337306030,0.0,0.0,0.5714,0.0,0.6357
LI4430701914,2.2333,0.1241,0.8,0.0,0.432
LI4417829963,3.397,0.0,0.5,0.0,0.3782
LI4365593215,1.9011,0.0,0.5385,0.0,0.4902
LI4368629697,14.0,0.0,0.8,0.0,0.19
LI4383139973,1.6453,0.0,0.7778,0.0,0.4628
LI4432783324,7.2797,0.0,0.2,0.0,0.31
LI4426774016,4.2373,0.0,0.8,0.0,0.251
LI4433189875,0.0,0.0,0.6667,0.0,0.6167
LI4435329894,2.3599,0.0,0.8571,0.0,0.3898
LI4435344130,2.3599,0.0,0.8571,0.0,0.3898
LI4421595286,2.7211,0.0,0.7692,0.0,0.3785
LI4306131130,1.3605,0.0,0.6667,0.0,0.5078
LI4433354771,0.974,0.0,0.4444,0.0,0.5832
LI4431752295,0.0,0.3049,0.5455,0.0,0.6917
LI4415181156,5.6277,0.0,0.7778,0.0,0.1944
LI4436730057,0.9288,0.0,0.5556,0.0,0.5646
LI4313237936,0.0,0.3534,0.4545,0.0,0.718
LI4436314089,2.5263,0.2105,0.75,0.0,0.433
LI4417416343,0.0,0.0,0.4444,0.0,0.6611
LI4436362020,8.0357,0.2976,0.5,0.0,0.2996
LI4367422311,1.9763,0.3953,0.4545,0.0,0.5669
LI4435047791,2.924,0.0,0.75,0.0,0.3661
LI4429233402,1.7544,0.0,0.8182,0.0,0.446
LI4435055583,0.0,0.0,0.6364,0.0,0.6227
LI4432974480,1.2146,0.0,0.5714,0.0,0.5385
LI4425079636,1.757,0.1464,0.6429,0.0,0.5053
LI4415197003,6.7485,0.0,0.75,0.0,0.2
LI4435447370,7.0968,0.0,0.8,0.0303,0.1855
LI4424647881,6.6327,0.0,0.5714,0.0,0.2357
LI4433702404,3.9012,0.0,0.7273,0.0,0.2925
LI4434744139,2.2388,0.3731,0.5,0.0,0.5331
LI4407115471,2.5097,0.1931,0.6923,0.0,0.4429
LI4368172254,1.2851,0.0803,0.5833,0.0,0.5439
LI4399518521,1.31,0.0,0.8462,0.0,0.476
LI4280180709,0.0,0.0,0.5833,0.0,0.6333
LI4436000135,0.8942,0.149,0.4375,0.0,0.6158
LI4415179164,5.6277,0.0,0.7778,0.0,0.1944
LI3631867155,1.6807,0.0,0.75,0.0,0.4655
LI4407750482,1.6529,0.0918,0.7143,0.0,0.4902
LI4412747154,2.1171,0.2491,0.6,0.0,0.5021
LI4434961340,3.6419,0.0,0.5909,0.5882,0.2522
LI4434727535,0.0,0.3106,0.5556,0.0,0.6906
LI4427162652,2.6403,0.0,0.6,0.0,0.4188
LI4115785708,6.9767,0.0,0.5,0.0,0.25
LI4401656007,3.3113,0.0,0.5714,0.0,0.3708
LI4341525422,7.1611,0.2558,0.8462,0.0,0.2234
LI4411195175,6.9767,0.0,0.7273,0.0,0.2045
LI4433885953,0.0,0.0,0.375,0.0,0.675
LI4337495178,0.0,0.0,0.5714,0.0,0.6357
LI4337346230,0.0,0.0,0.5714,0.0,0.6357
LI4099685783,1.9956,0.2217,0.6,0.0,0.5073
LI4337375816,0.0,0.0,0.5714,0.0,0.6357
LI4435556151,0.9804,0.0,0.6667,0.0,0.5382
LI4390354478,0.9554,0.0,0.4444,0.0,0.5847
LI4337365820,0.0,0.0,0.5714,0.0,0.6357
LI4432241157,4.3269,0.0,0.8333,0.0,0.2372
LI4373501026,3.6066,0.0,0.9167,0.0,0.2781
LI4430019065,2.2013,0.0,0.8,0.0,0.4139
LI4342463307,0.6353,0.0,0.8125,0.0,0.5367
LI4430384592,1.7722,0.0,0.7778,0.0,0.4527
LI4306132133,6.6667,0.0,0.5,0.0,0.25
LI4341797497,4.4944,1.6854,0.7143,0.0,0.4976
LI4423620680,7.2052,0.0,0.5,0.0,0.25
LI4425074047,3.58,0.0,0.9286,0.0,0.2779
LI4426925700,3.94,0.0,0.625,0.0,0.3098
LI4429656040,3.3133,0.6024,0.8462,0.0,0.4161
LI4430608995,2.6946,0.0,0.7143,0.0,0.3916
LI4418226092,5.3864,0.4684,0.7143,0.0,0.2852
LI4435437891,1.5649,0.1565,0.8182,0.0,0.4873
LI4321237434,2.2222,0.5556,0.6667,0.0,0.5315
LI4422999282,3.7829,0.1645,0.7778,0.0,0.3192
LI4433821159,0.0,0.0,0.5,0.0,0.65
LI4394534224,6.25,0.0,0.5,0.0,0.25
LI4430384694,1.5464,0.0,0.6667,0.0,0.493
LI4429994165,0.0,0.0,0.375,0.0,0.675
LI4435263024,4.0238,0.0,0.3333,0.0,0.3614
LI4376057028,8.6957,0.0,0.7,0.0,0.21
LI4410555623,2.008,0.2677,0.8,0.0,0.474
LI4312543743,4.1935,0.0,0.5,0.0,0.3145
LI4435842060,1.1745,0.0,0.8,0.0,0.496
LI4434348807,2.649,0.0,0.7,0.0,0.3981
LI4427466517,1.25,0.0,0.875,0.0,0.475
LI4434302723,5.3333,0.0,0.25,0.0,0.3
LI4399007372,3.1153,0.1558,0.8,0.0,0.3667
LI4413985079,3.3223,0.0,0.5714,0.0,0.3699
LI4362040005,3.0172,0.2155,0.619,0.0,0.4207
LI4432177674,2.4,0.0,0.8,0.0,0.398
LI4401949760,1.4265,0.1427,0.625,0.0,0.5347
LI4413855553,5.2023,0.0,0.6667,0.0,0.2167
LI4368626717,14.0,0.0,0.8,0.0,0.19
LI4424780322,2.5316,0.0,0.5455,0.0,0.4384
LI4430452294,3.5484,0.0,0.6667,0.0,0.3328
LI4428480672,1.1834,0.0,0.7143,0.0,0.5125
LI4398637240,1.0638,0.0,0.8889,0.0,0.4871
LI4418686754,0.4184,0.0,0.25,0.0,0.6665
LI4418226064,4.3269,0.2404,0.7333,0.0,0.2972
LI4397174237,4.0,0.3077,0.5556,0.0,0.3702
LI4388403137,0.0,0.0,0.6667,0.0,0.6167
LI4432172354,4.9875,0.0,0.7727,0.0,0.1965
LI4430376697,2.2727,0.0,0.8,0.0,0.4082
LI4435231313,3.0864,0.1543,0.8,0.0811,0.3566
LI4425992149,2.5078,0.1567,0.75,0.0377,0.4198
LI4432365025,4.4444,0.0,0.7333,0.0244,0.2441
LI4422402784,3.2258,0.3584,0.7692,0.0,0.3978
LI4435204675,9.3525,0.0,0.6667,0.0,0.2167
LI4426618890,1.3274,0.0,0.6667,0.0,0.5105
LI4433476671,3.7651,0.0,0.3333,0.0,0.3821
LI4432362126,9.4972,0.5587,0.5,0.6333,0.2481
LI4325866630,0.5245,0.0,0.6667,0.0,0.5747
LI4418491348,5.9908,0.0,0.8,0.0,0.19
LI4311591680,5.7269,0.0,0.5,0.0,0.25
LI4428056617,1.9166,0.1127,0.3333,0.0,0.5488
LI4436237261,0.3927,0.0,0.5556,0.0,0.6075
LI4431244161,5.5394,0.0,0.8,0.0,0.19
LI4258066169,2.3669,0.0,0.8571,0.0,0.3892
LI4220088070,1.0,0.1,0.6538,0.0,0.5559
LI3635759841,1.3483,0.2247,0.4444,0.0,0.5907
LI4418703714,1.7143,0.0,0.6667,0.0,0.4795
LI4433627403,3.5971,0.0,0.25,0.0,0.4122
LI4436272549,4.4025,0.3145,0.8125,0.0,0.2877
LI4408768447,0.0,0.0,0.75,0.0,0.6
LI4429673010,2.2606,0.133,0.5238,0.0,0.4866
LI4367151021,2.3649,0.0,0.75,0.0,0.4108
LI4435443927,1.5198,0.152,0.5789,0.0,0.538
LI4424201308,12.1951,0.0,0.8333,0.0,0.1833
LI4422933832,4.3062,0.4785,0.7778,0.0,0.3297
LI4361276299,4.3825,0.0,0.7692,0.0,0.2456
LI4423079517,3.5461,0.3546,0.6154,0.0,0.4023
LI4406879005,6.7873,0.4525,0.9231,0.0,0.2408
LI4429657833,2.1922,0.1686,0.5556,0.0,0.4916
LI4436408106,0.0,0.1214,0.4286,0.0,0.6845
LI4432755356,2.6978,0.1799,0.7222,0.0,0.4197
LI4432121864,0.495,0.0,0.8462,0.0,0.5412
LI4433471833,3.6827,0.0,0.25,0.0,0.4054
LI4276144424,2.8674,0.0,0.4,0.0,0.4406
LI4426467641,3.4261,0.2141,0.5,0.0,0.4116
LI4421528330,4.3011,0.4301,0.6667,0.4634,0.2748
LI4375807986,1.6181,0.0,0.5556,0.0,0.5094
LI4432422273,5.8632,0.0,0.5556,0.0,0.2389
LI4306125307,9.3333,0.0,0.5,0.0,0.25
LI4425600471,3.1792,0.0,0.8,0.0,0.3357
LI4434659759,0.9459,0.0,0.625,0.0,0.5493
LI4367150052,8.3721,0.0,0.8,0.0,0.19
LI4403349484,3.5242,0.0,0.5625,0.0,0.3556
LI4428923955,3.169,0.0,0.875,0.0,0.3215
LI4303974438,1.0288,0.6173,0.7778,0.0,0.615
LI4426771760,1.625,0.0,0.5,0.0,0.52
LI4302396475,0.3096,0.3096,0.7,0.0,0.6368
LI4429244264,0.7092,0.9456,0.5833,0.0,0.7342
LI4410446310,0.8457,0.1057,0.5217,0.0,0.5956
LI4386701035,2.3585,0.0,0.8182,0.0,0.3977
LI4370372757,4.9724,1.6575,0.7143,0.0,0.4594
LI4417313757,2.4759,0.6878,0.6429,0.0,0.538
LI4402388129,2.1277,0.266,0.6,0.0,0.5041
LI4306115463,4.1594,0.3466,0.8182,0.0,0.3114
LI4424708711,0.3606,0.1202,0.6667,0.0,0.6079
LI4436958044,2.5455,0.0,0.625,0.0,0.4214
LI4437140110,1.2522,0.1789,0.6667,0.0,0.5463
LI4426375691,0.8045,0.0805,0.7308,0.0,0.5529
LI4431181043,5.8394,0.2433,0.75,0.0,0.2406
LI4432970133,2.2727,0.0,0.5,0.0,0.4682
LI4377172517,7.3222,0.0,0.8824,0.0,0.1735
LI4434962677,1.0309,0.0,0.6667,0.0,0.5342
LI4278819862,20.4545,0.0,0.6667,0.0,0.2167
LI4436075304,5.6198,0.0,0.9,0.0,0.17
LI4431979518,0.4552,0.0,0.6667,0.0,0.5802
LI4435481124,8.9021,0.0,0.6923,0.0,0.2115
LI4343576097,4.5296,0.3484,0.875,0.0,0.2707
LI4435795152,2.7397,0.0,0.6667,0.0,0.3975
LI4434341886,4.3771,0.0,0.7778,0.0,0.2443
LI4341580403,7.377,0.5464,0.75,0.0,0.2911
LI4435459303,3.3422,0.1337,0.6,0.0,0.3849
LI4401086380,4.4335,0.0,0.5,0.0,0.2953
LI4255527098,1.0101,0.0,0.6471,0.0,0.5398
LI4385563316,0.6757,0.0,0.5556,0.0,0.5848
LI4430934394,3.0075,0.0,0.8889,0.0,0.3316
LI4431357089,1.0619,0.531,0.85,0.0,0.5835
LI4427060675,2.4131,0.0,0.3125,0.0,0.4944
LI4432593555,1.8587,0.0,0.6364,0.0,0.474
LI4377163903,5.8824,0.0,0.6667,0.0,0.2167
LI4436434875,5.3221,0.0,0.4444,0.0,0.2611
LI4426486570,12.8049,0.0,0.6667,0.0,0.2167
LI4435050842,5.4545,0.4545,0.7778,0.0,0.2702
LI4423879436,3.3557,0.0,0.875,0.0,0.3065
LI4433638928,8.3333,0.0,0.8182,0.0,0.1864
LI4418220091,0.295,0.295,0.75,0.0,0.6256
LI4421896452,2.6538,0.1206,0.7,0.0,0.4178
LI4434930836,6.7164,0.0,0.6667,0.0,0.2167
LI4276260350,21.0526,0.0,0.5,0.0,0.25
LI4428853028,9.6774,0.0,0.6,0.6429,0.1336
LI4421948032,2.7333,0.0,0.6452,0.0,0.4023
LI4427671685,1.6854,0.5618,0.6667,0.0,0.5755
LI4433223622,1.4199,0.2028,0.8182,0.0,0.5066
LI4426942419,3.9792,0.0,0.88,0.0204,0.2526
LI4382272487,5.5249,0.2762,0.9231,0.0,0.2114
LI4409538652,7.6364,0.0,0.8,0.0,0.19
LI4408678584,2.7743,0.0,0.5,0.0,0.4281
LI4422684680,4.5378,0.3361,0.8,0.0189,0.2802
LI4421058091,4.3605,0.0,0.8333,0.0,0.2345
LI4367163264,5.4795,0.4566,0.75,0.0,0.2761
LI4371029485,1.8405,0.0,0.625,0.0,0.4778
LI4422236368,15.3846,0.0,0.75,0.0,0.2
LI4346652855,2.1226,0.0,0.5,0.0,0.4802
LI4417149200,1.6304,0.5435,0.8571,0.0,0.5387
LI4434516057,0.8104,0.0,0.7273,0.0,0.5397
LI4333246825,3.2653,0.0,0.7,0.0,0.3488
LI4306121407,1.9824,0.8811,0.8,0.0,0.5783
LI4437177370,2.3392,0.0,0.75,0.0,0.4129
LI4398226246,2.6738,0.0,0.5714,0.0,0.4218
LI4432767099,2.2119,0.3492,0.75,0.0,0.4813
LI4421432376,8.3333,0.0,0.7143,0.0,0.2071
LI4407182030,6.8702,0.0,0.8,0.0,0.19
LI4436439663,2.521,0.0,0.7273,0.0,0.4029
LI4420422992,1.6771,0.0,0.7273,0.0,0.4704
LI4337717225,1.6129,0.4032,0.5833,0.0,0.5715
LI4346590086,2.5707,0.0,0.8333,0.0,0.3777
LI4430960200,6.0606,0.6734,0.625,0.0,0.3372
LI4306122390,11.1111,0.0,0.6667,0.0,0.2167
LI4436451075,2.4691,0.0,0.5455,0.0,0.4434
LI4435520441,1.1382,0.0,0.6,0.0909,0.5253
LI4432050813,2.2364,0.0,0.5,0.0,0.4711
LI4399803237,1.6484,0.2747,0.7,0.0,0.5239
LI4426381523,0.8045,0.0805,0.7308,0.0,0.5529
LI4306120385,2.8409,0.0,0.75,0.0,0.3727
LI4368318782,0.0,0.0,0.5,0.0,0.65
LI4424085503,3.1395,0.2326,0.8438,0.0,0.3688
LI4435270326,1.4706,0.1838,0.4,0.0,0.583
LI4410799638,0.0,0.0,0.6667,0.0,0.6167
LI4437172553,2.3392,0.0,0.75,0.0,0.4129
LI4410479767,2.439,0.0,0.1667,0.0,0.5215
LI4435467485,0.9328,0.0,0.625,0.0,0.5504
LI4368619191,8.9157,0.0,0.8235,0.0,0.1853
LI4425834288,1.4799,0.0,0.6923,0.0,0.4931
LI4379575660,1.0667,0.0,0.6364,0.0,0.5374
LI4428538401,4.9669,0.0,0.7647,0.0,0.1997
LI4356518947,1.3129,0.4376,0.875,0.0,0.5429
LI4426550905,1.2739,0.0,0.5,0.0,0.5481
LI4433094740,0.9772,0.0,0.5,0.0,0.5718
LI4419905669,2.6515,0.0,0.5455,0.0,0.4288
LI4424195188,1.1952,0.0,0.8235,0.0,0.4897
LI4431696162,0.0,0.0,0.4444,0.0,0.6611
LI4422927773,7.5,0.0,0.75,0.0,0.2
LI4426568777,1.2739,0.0,0.5,0.0,0.5481
LI4434065347,1.9868,0.0,0.5455,0.0,0.482
LI4429727987,1.8364,0.1669,0.8261,0.0,0.4657
LI4428170941,2.4561,0.0,0.2222,0.0,0.5091
LI4422275600,0.6233,0.1781,0.6522,0.0,0.5994
LI4431693187,0.0,0.0,0.4444,0.0,0.6611
LI4431699125,0.0,0.0,0.4444,0.0,0.6611
LI4432945937,0.9414,0.1046,0.7143,0.0,0.5493
LI4431667095,12.9412,0.0,0.25,0.0,0.3
LI4335150646,0.361,0.0,0.5,0.0,0.6211
LI4343704290,2.214,0.0,0.5,0.0,0.4729
LI4430438159,2.3256,0.5814,0.5714,0.0,0.5466
LI4427462858,3.2999,0.2869,0.7333,0.0,0.3872
LI4411292218,5.0467,0.0,0.6,0.0,0.23
LI4428490193,4.2683,0.0,0.6364,0.0,0.2813
LI4337201282,2.0737,0.0,0.5909,0.0,0.4659
LI4434904987,10.2151,0.0,0.75,0.0,0.2
LI4408266192,1.9417,0.4854,0.8,0.0,0.5156
LI4368622761,14.0,0.0,0.8,0.0,0.19
LI4436419301,1.6575,0.0,0.6667,0.0,0.4841
LI4426373843,2.5751,0.0,0.6364,0.0,0.4167
LI4323446088,0.0,0.0,0.7778,0.0,0.5944
LI4434063505,0.9772,0.0,0.6667,0.0,0.5385
LI4343782567,1.6086,0.0,0.7143,0.0,0.4785
LI4323406174,0.0,0.0,0.7778,0.0,0.5944
LI4323246478,0.0,0.0,0.7778,0.0,0.5944
LI4434005069,1.278,0.0,0.375,0.0,0.5728
LI4432524233,0.7371,0.0,0.8095,0.3667,0.4741
LI4333250613,3.0303,0.0,0.6667,0.0,0.3742
LI4372725779,0.0,0.0,0.5,0.0,0.65
LI4423679168,5.3045,0.0,0.7143,0.0,0.2071
LI4435042574,2.2989,0.2874,0.7059,0.0,0.4728
LI4436315509,2.8754,0.0,0.75,0.0,0.37
LI4416232418,7.5758,0.303,0.7692,0.0,0.2467
LI4425229735,4.4625,0.0,0.7059,0.0,0.2518
LI4431102282,0.0,0.0,0.4444,0.0,0.6611
LI4354037883,5.8182,0.0,0.8889,0.0,0.1722
LI4399227986,1.8797,0.0,0.4444,0.0,0.5107
LI4256813124,2.5063,0.2506,0.5556,0.0,0.4802
LI4323306353,0.0,0.0,0.7778,0.0,0.5944
LI4306114558,5.5556,0.6944,0.5,0.0,0.3657
LI4424682235,2.3919,0.0,0.6053,0.0,0.4376
LI4391595805,6.0686,0.0,0.5714,0.0,0.2357
LI4393854508,9.7561,0.0,0.5,0.0,0.25
LI4431900509,0.5391,0.0,0.5263,0.0,0.6016
LI4306114570,4.0146,0.0,0.8182,0.0,0.2652
LI4424805528,3.8627,0.0,0.8125,0.0,0.2785
LI4419100895,0.0,0.0,0.6154,0.0,0.6269
LI4431301465,2.3873,0.0,0.7273,0.0,0.4136
LI4323286373,0.0,0.0,0.7778,0.0,0.5944
LI4306116478,33.3333,0.0,0.5,0.0,0.25
LI4397180023,0.974,0.3247,0.6667,0.0,0.5929
LI4326773571,2.3136,0.2571,0.5556,0.0,0.4966
LI4436944008,2.2727,0.0,0.5,0.0,0.4682
LI4426943006,4.4156,0.0,0.875,0.0,0.2218
LI4358257230,2.2727,0.0,0.5,0.0,0.4682
LI4432963029,1.5101,0.3356,0.4286,0.0,0.5994
LI4413212174,2.8986,0.0,0.8571,0.0,0.3467
LI4408233978,2.1154,0.1923,0.6923,0.0,0.4744
LI4418211464,5.8411,0.2336,0.7857,0.0,0.2318
LI4435331908,1.9231,0.0,0.8462,0.0,0.4269
LI4142489999,3.7037,0.0,0.75,0.0,0.3037
LI4421355399,6.4789,0.0,0.6875,0.0,0.2125
LI4412874533,3.4913,0.0,0.7857,0.0,0.3136
LI4425199475,2.2599,0.1883,0.6923,0.0,0.4621
LI4419836923,2.6946,0.2994,0.7778,0.0,0.4288
LI4419847757,2.6946,0.2994,0.7778,0.0,0.4288
LI4432961084,1.5101,0.3356,0.4286,0.0,0.5994
LI4291638971,2.3697,0.0,0.5,0.0,0.4604
LI4434000264,0.0,0.3145,0.375,0.0,0.7274
LI4343708770,10.1124,0.0,0.75,0.0,0.2
LI4424355305,3.1414,0.5236,0.625,0.0,0.461
LI4414017996,4.4706,0.2353,0.5882,0.0,0.3139
LI4412146645,3.5019,0.0,0.5,0.0,0.3698
LI4436312858,10.4575,0.0,0.75,0.0,0.2
LI4334460986,0.3891,0.0,0.4286,0.0,0.6332
LI4380323278,0.0,0.0,0.5556,0.0,0.6389
LI4428819961,1.9048,0.0,0.4444,0.0,0.5087
LI4306126312,8.5938,0.0,0.5,0.0,0.25
LI4343569352,10.1124,0.0,0.75,0.0,0.2
LI4433802624,2.8626,0.1908,0.9167,0.0,0.3695
LI4428039175,1.1765,0.0,0.7778,0.0,0.5003
LI4306117451,8.1633,0.0,0.6667,0.0,0.2167
LI4367165019,7.5188,0.0,0.8333,0.0,0.1833
LI4433957723,10.0806,0.0,0.8,0.0,0.19
LI4356242274,1.7815,0.1188,0.6,0.0108,0.5057
LI4429304977,1.2632,0.2105,0.4167,0.0,0.6007
LI4433831804,2.3541,0.0,0.6,0.0,0.4417
LI4345871050,4.2735,0.0,0.6,0.0,0.2881
LI4386021656,2.1909,0.0,0.7778,0.0,0.4192
LI4390331046,6.4935,0.0,0.6364,0.0,0.2227
LI4433888847,0.0,0.3175,0.375,0.0,0.7279
LI4428711242,9.1503,0.0,0.9,0.0,0.17
LI4319060111,2.0243,0.0,0.5455,0.0,0.479
LI4426802897,1.7921,0.0,0.6,0.0,0.4866
LI4366363764,3.4483,0.0,0.7778,0.0,0.3186
LI4414170154,1.949,0.2999,0.5455,0.0,0.535
LI4426570747,6.7376,0.0,0.8,0.0,0.19
LI4436505252,4.0,0.0,0.75,0.0,0.28
LI4334510880,0.3937,0.0,0.5,0.0,0.6185
LI4281445344,2.5271,0.0,0.4545,0.0,0.4569
LI4436776426,0.0,0.0,0.5455,0.0,0.6409
LI4306114548,4.0404,0.0,0.6667,0.0,0.2934
LI4306120381,1.9802,0.0,0.75,0.0,0.4416
LI4416972992,0.0,0.0,0.375,0.0,0.675
LI4343139246,0.2685,0.0,0.7941,0.0,0.5697
LI4306118473,1.2739,0.0,0.5,0.0,0.5481
LI4366076044,1.7921,0.1195,0.6,0.0,0.5065
LI4390356449,1.0135,0.0,0.5,0.0,0.5689
LI4398539925,2.6217,0.0,0.6667,0.0,0.4069
LI4306126320,5.0,0.0,0.75,0.0,0.2
LI4433346405,0.8721,0.0,0.75,0.0,0.5302
LI4434117912,1.7857,0.0,0.6667,0.087,0.4608
LI4306122378,6.0811,0.6757,0.6667,0.0,0.3293
LI4436774575,9.7403,0.0,0.8,0.0,0.19
LI4433367548,2.5641,0.3663,0.4545,0.0,0.515
LI4437719328,4.3668,0.4367,0.5455,0.0,0.3643
LI4370841972,0.0,0.0,0.4444,0.0,0.6611
LI4306112554,3.0303,0.0,0.75,0.0,0.3576
LI4437436412,0.0,0.0,0.4444,0.0,0.6611
LI4366082023,1.7921,0.1195,0.6,0.0,0.5065
LI4371789140,0.4348,0.0,0.625,0.0,0.5902
LI4306132138,1.3953,0.0,0.8571,0.0,0.4669
LI4434049895,0.9585,0.0,0.5,0.0,0.5733
LI4437163795,0.0,0.0,0.375,0.0,0.675
LI4427475636,3.1532,0.4505,0.8,0.0,0.4128
LI4421944088,1.4334,0.0843,0.6818,0.0,0.513
LI4353013794,0.678,0.339,0.7273,0.0,0.6068
LI4436909565,0.817,0.2451,0.7778,0.0,0.5699
LI4403425640,1.2831,0.0,0.7917,0.0,0.489
LI4430719197,0.7407,0.0,0.4,0.0,0.6107
LI4293701611,1.2048,0.0,0.5,0.0,0.5536
LI4435175757,2.1583,0.3597,0.75,0.0,0.4873
LI4348870118,3.4247,0.0,0.7273,0.0,0.3306
LI4432480394,0.0,0.3356,0.8,0.0,0.6459
LI4433097363,3.4351,0.0,0.8,0.0,0.3152
LI4184468595,2.4862,0.0,0.9091,0.0,0.3693
LI4306118466,3.9409,0.0,0.8,0.0,0.2747
LI4405890750,0.9772,0.3257,0.5833,0.0,0.6094
LI4434172133,4.1257,0.1965,0.7,0.0,0.3127
LI4416232484,0.5537,0.1661,0.6957,0.0,0.5943
LI4430653022,3.6624,0.1592,0.4615,0.0172,0.3887
LI4290659687,11.3095,0.0,0.8182,0.0,0.1864
LI4302011467,1.7544,0.0,0.6923,0.0,0.4712
LI4306122383,0.7519,0.0,0.6667,0.0,0.5565
LI4431711025,1.7143,0.0,0.4286,0.0,0.5271
LI4427834305,1.7365,0.0,0.6154,0.0,0.488
LI4436763990,0.3268,0.0,0.4444,0.0,0.635
LI4393280964,13.8462,0.0,0.5,0.0,0.25
LI4344705902,1.2097,0.4032,0.4167,0.0,0.6371
LI4423126463,0.8696,0.2899,0.375,0.0,0.6537
LI4436048369,1.9293,0.0,0.8333,0.0,0.429
LI4431103299,0.2976,0.2976,0.4444,0.0,0.6869
LI3625989522,5.6701,0.0,0.6,0.0,0.23
LI4437404004,1.2698,0.3175,0.7692,0.8571,0.4189
LI4426378718,0.7194,0.0,0.4286,0.0,0.6067
LI4264833835,2.765,0.0,0.4167,0.0,0.4455
LI4427112985,2.381,0.7937,0.7143,0.0,0.5489
LI4436947577,5.0633,0.0,0.6667,0.0,0.2167
LI4337445243,0.3731,0.3731,0.625,0.0,0.6573
LI4432803130,1.8576,0.0,0.6923,0.0,0.4629
LI4429866585,3.1646,0.0,0.8,0.0,0.3368
LI4287321907,0.8235,0.1176,0.9286,0.0,0.518
LI4432616046,0.5917,0.0,0.8182,0.0,0.539
LI4141152270,5.7143,0.0,0.9167,0.0,0.1667
LI4432199721,2.7523,0.3058,0.3,0.0,0.5208
LI4432110987,1.5209,0.0,0.6667,0.0,0.495
LI4356590646,5.8442,0.0,0.8125,0.0,0.1875
LI4333937994,0.5629,0.7505,0.6875,0.0,0.6926
LI4310772851,6.051,0.3185,0.75,0.0,0.2531
LI4436075283,1.8293,0.0,0.5455,0.0,0.4946
LI4436726784,7.6923,0.641,0.8571,0.0,0.2854
LI4437447624,1.8868,0.0,0.75,0.0,0.4491
LI4426946679,0.4559,0.0,0.7143,0.0,0.5707
LI4404796322,6.422,0.9174,0.6667,0.0,0.3696
LI4429318148,3.3333,1.1111,0.6667,0.0,0.5352
LI4428222144,1.5175,0.4552,0.6667,0.0,0.5711
LI4407183022,5.8632,0.0,0.625,0.0,0.225
